id_line,label,lemma,base,extent,scope,id_text,line,document,entry
Q000041.1,1,kagina[stone]N,{na₄}ka-gi-na,,,Q000041,1,Q000041,kagina[stone]N
Q000041.2,2,kišib[seal]N kagina[stone]N,{na₄}kišib ka-gi-na,,,Q000041,2,Q000041,kišib[seal]N_kagina[stone]N
Q000041.3,3,lagab[block]N kagina[stone]N,{na₄}lagab ka-gi-na,,,Q000041,3,Q000041,lagab[block]N_kagina[stone]N
Q000041.4,4,esi[diorite]N,{na₄}esi,,,Q000041,4,Q000041,esi[diorite]N
Q000041.5,5,ŋešnugal[alabaster]N,{na₄}ŋeš-nu₁₁-gal,,,Q000041,5,Q000041,ŋešnugal[alabaster]N
Q000041.6,6,kišib[seal]N ŋešnugal[alabaster]N,{na₄}kišib ŋeš-nu₁₁-gal,,,Q000041,6,Q000041,kišib[seal]N_ŋešnugal[alabaster]N
Q000041.7,7,lagab[block]N ŋešnugal[alabaster]N,{na₄}lagab ŋeš-nu₁₁-gal,,,Q000041,7,Q000041,lagab[block]N_ŋešnugal[alabaster]N
Q000041.8,8,ašuba[stone]N,{na₄}a₂-šuba,,,Q000041,8,Q000041,ašuba[stone]N
Q000041.9,9,kišib[seal]N ašuba[stone]N,{na₄}kišib a₂-šuba,,,Q000041,9,Q000041,kišib[seal]N_ašuba[stone]N
Q000041.10,10,lagab[block]N ašuba[stone]N,{na₄}lagab a₂-šuba,,,Q000041,10,Q000041,lagab[block]N_ašuba[stone]N
Q000041.11,11,algameš[stone]N,{na₄}algameš,,,Q000041,11,Q000041,algameš[stone]N
Q000041.12,12,kišib[seal]N algameš[stone]N,{na₄}kišib algameš,,,Q000041,12,Q000041,kišib[seal]N_algameš[stone]N
Q000041.13,13,lagab[block]N algameš[stone]N,{na₄}lagab algameš,,,Q000041,13,Q000041,lagab[block]N_algameš[stone]N
Q000041.14,14,dušia[stone]N,{na₄}du₈-ši-a,,,Q000041,14,Q000041,dušia[stone]N
Q000041.15,15,kišib[seal]N dušia[stone]N,{na₄}kišib du₈-ši-a,,,Q000041,15,Q000041,kišib[seal]N_dušia[stone]N
Q000041.16,16,lagab[block]N dušia[stone]N,{na₄}lagab du₈-ši-a,,,Q000041,16,Q000041,lagab[block]N_dušia[stone]N
Q000041.17,17,ellaŋ[bead]N dušia[stone]N,{na₄}ellaŋ₂ du₈-ši-a,,,Q000041,17,Q000041,ellaŋ[bead]N_dušia[stone]N
Q000041.18,18,daggaz[block]N dušia[stone]N,{na₄}da-gaz du₈-ši-a,,,Q000041,18,Q000041,daggaz[block]N_dušia[stone]N
Q000041.19,19,dušia[stone]N Marhaši[1]GN,{na₄}du₈-ši-a mar-ha-ši,,,Q000041,19,Q000041,dušia[stone]N_Marhaši[1]GN
Q000041.20,20,zagin[lapis]N,{na₄}za-gin₃,,,Q000041,20,Q000041,zagin[lapis]N
Q000041.21,21,zaginduru[lapis]N,{na₄}za-gin₃-duru₅,,,Q000041,21,Q000041,zaginduru[lapis]N
Q000041.22,22,zagin[lapis]N ŋešdili[string-of-beads]N,{na₄}za-gin₃ dili,,,Q000041,22,Q000041,zagin[lapis]N_ŋešdili[string-of-beads]N
Q000041.23,23,zagin[lapis]N zala[smashed]N,{na₄}za-gin₃ za₃-la₂-la₂,,,Q000041,23,Q000041,zagin[lapis]N_zala[smashed]N
Q000041.24,24,zagin[lapis]N gu[neck]N tum[dove]N,{na₄}za-gin₃ gu₂ tum₁₂{mušen},,,Q000041,24,Q000041,zagin[lapis]N_gu[neck]N_tum[dove]N
Q000041.25,25,zagin[lapis]N gu[neck]N bir[locust]N,{na₄}za-gin₃ gu₂ bir₅{mušen},,,Q000041,25,Q000041,zagin[lapis]N_gu[neck]N_bir[locust]N
Q000041.26,26,zagin[lapis]N lub[turnip]N,{na₄}za-gin₃ lu-ub₂{sar},,,Q000041,26,Q000041,zagin[lapis]N_lub[turnip]N
Q000041.27,27,ad[bead]N zagin[lapis]N,{na₄}ad za-gin₃,,,Q000041,27,Q000041,ad[bead]N_zagin[lapis]N
Q000041.28,28,ad[bead]N gu[neck]N zagin[lapis]N,{na₄}ad gu₂ za-gin₃,,,Q000041,28,Q000041,ad[bead]N_gu[neck]N_zagin[lapis]N
Q000041.29,29,adtab[~harness]N zagin[lapis]N,{na₄}ad-tab za-gin₃,,,Q000041,29,Q000041,adtab[~harness]N_zagin[lapis]N
Q000041.30,30,niŋtag[cut]N zagin[lapis]N,{na₄}niŋ₂-tag-ga za-gin₃,,,Q000041,30,Q000041,niŋtag[cut]N_zagin[lapis]N
Q000041.31,31,bulug[needle]N zagin[lapis]N,{na₄}mu-lu-ug₂ za-gin₃,,,Q000041,31,Q000041,bulug[needle]N_zagin[lapis]N
Q000041.32,32,lammar[deity]N zagin[lapis]N,{na₄}{d}lamma za-gin₃,,,Q000041,32,Q000041,lammar[deity]N_zagin[lapis]N
Q000041.33,33,alan[statue]N zagin[lapis]N,{na₄}alan za-gin₃,,,Q000041,33,Q000041,alan[statue]N_zagin[lapis]N
Q000041.34,34,igi[eye]N zagin[lapis]N,{na₄}igi za-gin₃,,,Q000041,34,Q000041,igi[eye]N_zagin[lapis]N
Q000041.35,35,sigigi[eyebrow]N zagin[lapis]N,{na₄}sig₇-igi za-gin₃,,,Q000041,35,Q000041,sigigi[eyebrow]N_zagin[lapis]N
Q000041.36,36,sum[beard]N zagin[lapis]N,{na₄}sum₄ za-gin₃,,,Q000041,36,Q000041,sum[beard]N_zagin[lapis]N
Q000041.37,36a,huwawa[monster]N zagin[lapis]N,{na₄}hu-wa-wa za-gin₃,,,Q000041,37,Q000041,huwawa[monster]N_zagin[lapis]N
Q000041.38,37,bizaza[frog]N zagin[lapis]N,{na₄}bi₂-za-za za-gin₃,,,Q000041,38,Q000041,bizaza[frog]N_zagin[lapis]N
Q000041.39,37a,abzaza[zebu]N zagin[lapis]N,{na₄}ab₂-za-za za-gin₃,,,Q000041,39,Q000041,abzaza[zebu]N_zagin[lapis]N
Q000041.40,38,bibra[vessel]N zagin[lapis]N,{na₄}bibra za-gin₃,,,Q000041,40,Q000041,bibra[vessel]N_zagin[lapis]N
Q000041.41,39,kišib[seal]N zagin[lapis]N,{na₄}kišib za-gin₃,,,Q000041,41,Q000041,kišib[seal]N_zagin[lapis]N
Q000041.42,40,lagab[block]N zagin[lapis]N,{na₄}lagab za-gin₃,,,Q000041,42,Q000041,lagab[block]N_zagin[lapis]N
Q000041.43,41,ellaŋ[bead]N zagin[lapis]N,{na₄}ellaŋ₂ za-gin₃,,,Q000041,43,Q000041,ellaŋ[bead]N_zagin[lapis]N
Q000041.44,42,{na₄}x-x[NA]NA zagin[lapis]N,{na₄}x-x za-gin₃,,,Q000041,44,Q000041,{na₄}x-x[NA]NA_zagin[lapis]N
Q000041.45,43,zagin[lapis]N dur[NA]NA,{na₄}za-gin₃ dur,,,Q000041,45,Q000041,zagin[lapis]N_dur[NA]NA
Q000041.46,44,gug[carnelian]N,{na₄}gug,,,Q000041,46,Q000041,gug[carnelian]N
Q000041.47,45,gug[carnelian]N gazi[condiment]N,{na₄}gug gazi,,,Q000041,47,Q000041,gug[carnelian]N_gazi[condiment]N
Q000041.48,46,gug[carnelian]N Meluhha[1]GN,{na₄}gug me-luh-ha,,,Q000041,48,Q000041,gug[carnelian]N_Meluhha[1]GN
Q000041.49,47,gug[carnelian]N gid[long]V/i,{na₄}gug gid₂,,,Q000041,49,Q000041,gug[carnelian]N_gid[long]V/i
Q000041.50,48,gug[carnelian]N lugud[short]V/i,{na₄}gug lugud₂,,,Q000041,50,Q000041,gug[carnelian]N_lugud[short]V/i
Q000041.51,49,gug[carnelian]N burud[perforate]V/t,{na₄}gug burudₓ(U)-burudₓ(U),,,Q000041,51,Q000041,gug[carnelian]N_burud[perforate]V/t
Q000041.52,50,kišib[seal]N gug[carnelian]N,{na₄}kišib gug,,,Q000041,52,Q000041,kišib[seal]N_gug[carnelian]N
Q000041.53,51,lagab[block]N gug[carnelian]N,{na₄}lagab gug,,,Q000041,53,Q000041,lagab[block]N_gug[carnelian]N
Q000041.54,52,ellaŋ[bead]N gug[carnelian]N,{na₄}ellaŋ₂ gug,,,Q000041,54,Q000041,ellaŋ[bead]N_gug[carnelian]N
Q000041.55,53,nir[stone]N,{na₄}nir₂,,,Q000041,55,Q000041,nir[stone]N
Q000041.56,54,nir[stone]N ziz[insect]N,{na₄}nir₂ ziz,,,Q000041,56,Q000041,nir[stone]N_ziz[insect]N
Q000041.57,55,nir[stone]N igi[eye]N,{na₄}nir₂ igi,,,Q000041,57,Q000041,nir[stone]N_igi[eye]N
Q000041.58,56,nir[stone]N pa[branch]N mušen[bird]N,{na₄}nir₂ pa mušen,,,Q000041,58,Q000041,nir[stone]N_pa[branch]N_mušen[bird]N
Q000041.59,57,nir[stone]N alal[wood?]N,{na₄}nir₂ a-la-lu,,,Q000041,59,Q000041,nir[stone]N_alal[wood?]N
Q000041.60,58,nir[stone]N alal[wood?]N,{na₄}nir₂ a-la-lu,,,Q000041,60,Q000041,nir[stone]N_alal[wood?]N
Q000041.61,58a,nir[stone]N ku-uš-x[NA]NA,{na₄}nir₂ ku-uš-x,,,Q000041,61,Q000041,nir[stone]N_ku-uš-x[NA]NA
Q000041.62,59,nir[stone]N babbardili[stone]N,{na₄}nir₂ babbar-dili,,,Q000041,62,Q000041,nir[stone]N_babbardili[stone]N
Q000041.63,60,nir[stone]N babbarmin[stone]N,{na₄}nir₂ babbar-min₅,,,Q000041,63,Q000041,nir[stone]N_babbarmin[stone]N
Q000041.64,60a,nir[stone]N babbareš[stone]N,{na₄}nir₂ babbar-eš₆,,,Q000041,64,Q000041,nir[stone]N_babbareš[stone]N
Q000041.65,61,nir[stone]N mušŋiri[stone]N,{na₄}nir₂ muš-ŋiri₂,,,Q000041,65,Q000041,nir[stone]N_mušŋiri[stone]N
Q000041.66,61a,nirudsud[stone]N,{na₄}nir₂-ud-sud,,,Q000041,66,Q000041,nirudsud[stone]N
Q000041.67,62,kišib[seal]N nir[stone]N,{na₄}kišib nir₂,,,Q000041,67,Q000041,kišib[seal]N_nir[stone]N
Q000041.68,63,lagab[block]N nir[stone]N,{na₄}lagab nir₂,,,Q000041,68,Q000041,lagab[block]N_nir[stone]N
Q000041.69,64,ellaŋ[bead]N nir[stone]N,{na₄}ellaŋ₂ nir₂,,,Q000041,69,Q000041,ellaŋ[bead]N_nir[stone]N
Q000041.70,64a,KU[door-socket]N nir[stone]N,{na₄}dur₂ nir₂,,,Q000041,70,Q000041,KU[door-socket]N_nir[stone]N
Q000041.71,65,šuba[stone]N,{na₄}šuba(|ZA.MUŠ₃|),,,Q000041,71,Q000041,šuba[stone]N
Q000041.72,66,šuba[stone]N gal[big]V/i,{na₄}šuba gal,,,Q000041,72,Q000041,šuba[stone]N_gal[big]V/i
Q000041.73,67,šuba[stone]N tur[small]V/i,{na₄}šuba tur,,,Q000041,73,Q000041,šuba[stone]N_tur[small]V/i
Q000041.74,68,šuba[stone]N gunu[speckled]V/i,{na₄}šuba gun₃,,,Q000041,74,Q000041,šuba[stone]N_gunu[speckled]V/i
Q000041.75,69,šuba[stone]N a[arm]N zid[right]V/i,{na₄}šuba a₂ zid,,,Q000041,75,Q000041,šuba[stone]N_a[arm]N_zid[right]V/i
Q000041.76,70,šuba[stone]N a[arm]N gab[left]N,{na₄}šuba a₂ gab₂-bu,,,Q000041,76,Q000041,šuba[stone]N_a[arm]N_gab[left]N
Q000041.77,71,amašpaʾed[stone]N,{na₄}amaš-pa-e₃-a,,,Q000041,77,Q000041,amašpaʾed[stone]N
Q000041.78,72,durmina[breccia]N,{na₄}dur-mi-an-na,,,Q000041,78,Q000041,durmina[breccia]N
Q000041.79,73,durminabanda[stone]N,{na₄}dur-mi-ban₃-da,,,Q000041,79,Q000041,durminabanda[stone]N
Q000041.80,74,engen[stone]N,{na₄}e-gu₂-en-sag₉,,,Q000041,80,Q000041,engen[stone]N
Q000041.81,75,egizaga[stone]N,{na₄}e-gi-zag-ga,,,Q000041,81,Q000041,egizaga[stone]N
Q000041.82,76,girinhiliba[stone]N,{na₄}gi-rim-hi-li-e,,,Q000041,82,Q000041,girinhiliba[stone]N
Q000041.83,77,antasura[metal]N,{na₄}an-ta-sur-ra,,,Q000041,83,Q000041,antasura[metal]N
Q000041.84,78,TA.ba[stone]N,{na₄}TA-ba,,,Q000041,84,Q000041,TA.ba[stone]N
Q000041.85,79,hurizum[stone]N,{na₄}hu-ri₂-zum,,,Q000041,85,Q000041,hurizum[stone]N
Q000041.86,79a,ezim[stone]N,{na₄}{d}ezim₂,,,Q000041,86,Q000041,ezim[stone]N
Q000041.87,80,na[stone]N babbar[white]V/i,na₄ babbar,,,Q000041,87,Q000041,na[stone]N_babbar[white]V/i
Q000041.88,81,na[stone]N giggi[black]V/i,na₄ giggi,,,Q000041,88,Q000041,na[stone]N_giggi[black]V/i
Q000041.89,82,na[stone]N su[red]V/i,na₄ su₄,,,Q000041,89,Q000041,na[stone]N_su[red]V/i
Q000041.90,83,na[stone]N sissig[green]V/i,na₄ sig₇-sig₇,,,Q000041,90,Q000041,na[stone]N_sissig[green]V/i
Q000041.91,84,na[stone]N gunu[speckled]V/i,na₄ gun₃,,,Q000041,91,Q000041,na[stone]N_gunu[speckled]V/i
Q000041.92,85,na[stone]N izi[fire]N,na₄ izi,,,Q000041,92,Q000041,na[stone]N_izi[fire]N
Q000041.93,86,na[stone]N ze[gall-bladder]N,na₄ ze₂,,,Q000041,93,Q000041,na[stone]N_ze[gall-bladder]N
Q000041.94,87,na[stone]N teš[vigor]N,na₄ teš₂,,,Q000041,94,Q000041,na[stone]N_teš[vigor]N
Q000041.95,88,na[stone]N arhuš[womb]N,na₄ arhuš,,,Q000041,95,Q000041,na[stone]N_arhuš[womb]N
Q000041.96,88a,na[stone]N dud[combat]N,na₄ du₁₄,,,Q000041,96,Q000041,na[stone]N_dud[combat]N
Q000041.97,89,aʾura[stone]N,{na₄}a-ur₄-a,,,Q000041,97,Q000041,aʾura[stone]N
Q000041.98,90,huduš[stone]N,{na₄}huduš(TU),,,Q000041,98,Q000041,huduš[stone]N
Q000041.99,91,na[stone]N utud[bear]V/t,na₄ u₃-tud,,,Q000041,99,Q000041,na[stone]N_utud[bear]V/t
Q000041.100,92,na[stone]N utud[bear]V/t,na₄ u₃-nu-tud,,,Q000041,100,Q000041,na[stone]N_utud[bear]V/t
Q000041.101,93,hašbar[stone]N,{na₄}haš₂-bar,,,Q000041,101,Q000041,hašbar[stone]N
Q000041.102,94,naŋa[potash]N,{na₄}naŋa,,,Q000041,102,Q000041,naŋa[potash]N
Q000041.103,95,na[stone]N muš[snake]N,na₄ muš,,,Q000041,103,Q000041,na[stone]N_muš[snake]N
Q000041.104,96,na[stone]N igi[eye]N muš[snake]N,na₄ igi muš,,,Q000041,104,Q000041,na[stone]N_igi[eye]N_muš[snake]N
Q000041.105,97,na[stone]N igi[eye]N kud[fish]N,na₄ igi ku₆,,,Q000041,105,Q000041,na[stone]N_igi[eye]N_kud[fish]N
Q000041.106,98,saŋŋar[millstone]N,{na₄}saŋ-ŋar,,,Q000041,106,Q000041,saŋŋar[millstone]N
Q000041.107,99,saŋkal[stone]N,{na₄}saŋ-kal,,,Q000041,107,Q000041,saŋkal[stone]N
Q000041.108,100,gulgul[stone]N,{na₄}gul-gul,,,Q000041,108,Q000041,gulgul[stone]N
Q000041.109,101,saŋ[head]N gulgul[stone]N,{na₄}saŋ gul-gul,,,Q000041,109,Q000041,saŋ[head]N_gulgul[stone]N
Q000041.110,102,saŋdu[stone]N,{na₄}saŋ-du,,,Q000041,110,Q000041,saŋdu[stone]N
Q000041.111,103,kinkin[millstone]N,{na₄}kinkin,,,Q000041,111,Q000041,kinkin[millstone]N
Q000041.112,104,kinkin[millstone]N zibi[stone]N,{na₄}kinkin zi-bi,,,Q000041,112,Q000041,kinkin[millstone]N_zibi[stone]N
Q000041.113,105,kinkin[millstone]N bahar[potter]N,{na₄}kinkin baharₓ(|DUG.BUR|),,,Q000041,113,Q000041,kinkin[millstone]N_bahar[potter]N
Q000041.114,106,kinkin[millstone]N adbar[basalt]N,{na₄}kinkin ad-bar,,,Q000041,114,Q000041,kinkin[millstone]N_adbar[basalt]N
Q000041.115,107,kinkin[millstone]N ŋeši[sesame]N,{na₄}kinkin {še}ŋeš-i₃,,,Q000041,115,Q000041,kinkin[millstone]N_ŋeši[sesame]N
Q000041.116,107a,kinkin[millstone]N ninda[bread]N ŋeši[sesame]N,{na₄}kinkin ninda {še}ŋeš-i₃,,,Q000041,116,Q000041,kinkin[millstone]N_ninda[bread]N_ŋeši[sesame]N
Q000041.117,108,kinkin[millstone]N {ŋeš}mu-sur-ru[NA]NA,{na₄}kinkin {ŋeš}mu-sur-ru,,,Q000041,117,Q000041,kinkin[millstone]N_{ŋeš}mu-sur-ru[NA]NA
Q000041.118,109,kinkin[millstone]N zidgu[flour]N,{na₄}kinkin zid₂-gu,,,Q000041,118,Q000041,kinkin[millstone]N_zidgu[flour]N
Q000041.119,110,kinkin[millstone]N niŋ₂-gir₁₅-ra[NA]NA,{na₄}kinkin niŋ₂-gir₁₅-ra,,,Q000041,119,Q000041,kinkin[millstone]N_niŋ₂-gir₁₅-ra[NA]NA
Q000041.120,111,kinkin[millstone]N šu[hand]N sig[put]V/t,{na₄}kinkin šu sig₁₀,,,Q000041,120,Q000041,kinkin[millstone]N_šu[hand]N_sig[put]V/t
Q000041.121,112,našugulgul[millstone]N,na₄-šu-gul-gul,,,Q000041,121,Q000041,našugulgul[millstone]N
Q000041.122,113,marhali[stone]N,{na₄}mar-ha-lum,,,Q000041,122,Q000041,marhali[stone]N
Q000041.123,114,marhuša[stone]N,{na₄}mar-hu-ša,,,Q000041,123,Q000041,marhuša[stone]N
Q000041.124,115,bur[bowl]N,{na₄}bur,,,Q000041,124,Q000041,bur[bowl]N
Q000041.125,116,bur[bowl]N izaga[oil]N,{na₄}bur i₃-zag-ga,,,Q000041,125,Q000041,bur[bowl]N_izaga[oil]N
Q000041.126,117,bur[bowl]N šu[hand]N,{na₄}bur šu,,,Q000041,126,Q000041,bur[bowl]N_šu[hand]N
Q000041.127,118,bur[bowl]N marhali[stone]N,{na₄}bur mar-ha-lum,,,Q000041,127,Q000041,bur[bowl]N_marhali[stone]N
Q000041.128,119,bur[bowl]N marhuša[stone]N,{na₄}bur mar-hu-ša,,,Q000041,128,Q000041,bur[bowl]N_marhuša[stone]N
Q000041.129,120,bur[bowl]N babbar[white]V/i,{na₄}bur babbar,,,Q000041,129,Q000041,bur[bowl]N_babbar[white]V/i
Q000041.130,121,bur[bowl]N kukkug[dark]V/i,{na₄}bur kukku₅,,,Q000041,130,Q000041,bur[bowl]N_kukkug[dark]V/i
Q000041.131,122,imbabbar[gypsum]N,{na₄}im-babbar₂,,,Q000041,131,Q000041,imbabbar[gypsum]N
Q000041.132,123,kišib[seal]N imbabbar[gypsum]N,{na₄}kišib im-babbar₂,,,Q000041,132,Q000041,kišib[seal]N_imbabbar[gypsum]N
Q000041.133,124,lagab[block]N imbabbar[gypsum]N,{na₄}lagab im-babbar₂,,,Q000041,133,Q000041,lagab[block]N_imbabbar[gypsum]N
Q000041.134,125,anzugulme[stone]N,{na₄}an-zu₂-gul-me,,,Q000041,134,Q000041,anzugulme[stone]N
Q000041.135,126,kišib[seal]N anzugulme[stone]N,{na₄}kišib an-zu₂-gul-me,,,Q000041,135,Q000041,kišib[seal]N_anzugulme[stone]N
Q000041.136,127,lagab[block]N anzugulme[stone]N,{na₄}lagab an-zu₂-gul-me,,,Q000041,136,Q000041,lagab[block]N_anzugulme[stone]N
Q000041.137,128,durul[stone]N,{na₄}dur-ul₃,,,Q000041,137,Q000041,durul[stone]N
Q000041.138,128a,kišib[seal]N durul[stone]N,{na₄}kišib dur-ul₃,,,Q000041,138,Q000041,kišib[seal]N_durul[stone]N
Q000041.139,128b,lagab[block]N durul[stone]N,{na₄}lagab dur-ul₃,,,Q000041,139,Q000041,lagab[block]N_durul[stone]N
Q000041.140,129,haštum[stone]N,{na₄}haš₂(|TUM×(U.U.U)|)-tum,,,Q000041,140,Q000041,haštum[stone]N
Q000041.141,130,kišib[seal]N haštum[stone]N,{na₄}kišib haš₂(|TUM×(U.U.U)|)-tum,,,Q000041,141,Q000041,kišib[seal]N_haštum[stone]N
Q000041.142,131,lagab[block]N haštum[stone]N,{na₄}lagab haš₂(|TUM×(U.U.U)|)-tum,,,Q000041,142,Q000041,lagab[block]N_haštum[stone]N
Q000041.143,132,imanak[stone]N,{na₄}im-an-na,,,Q000041,143,Q000041,imanak[stone]N
Q000041.144,133,alliga[stone]N,{na₄}al-li₂-ga,,,Q000041,144,Q000041,alliga[stone]N
Q000041.145,134,alal[wood?]N,{na₄}e-lal₃-la,,,Q000041,145,Q000041,alal[wood?]N
Q000041.146,135,sikil[stone]N,{na₄}sikil,,,Q000041,146,Q000041,sikil[stone]N
Q000041.147,136,saŋ[head]N sikil[pure]V/i,{na₄}saŋ sikil,,,Q000041,147,Q000041,saŋ[head]N_sikil[pure]V/i
Q000041.148,137,na[stone]N mupada[gift]N,na₄ mu-pad₃-da,,,Q000041,148,Q000041,na[stone]N_mupada[gift]N
Q000041.149,138,na[stone]N kadra[gift]N,na₄ kadra(|GAR.ŠA₃.A|),,,Q000041,149,Q000041,na[stone]N_kadra[gift]N
Q000041.150,139,nunuz[egg]N,{na₄}nunuz,,,Q000041,150,Q000041,nunuz[egg]N
Q000041.151,140,nunuztaba[necklace?]N,{na₄}nunuz-tab-ba,,,Q000041,151,Q000041,nunuztaba[necklace?]N
Q000041.152,140a,nunuz[egg]N babbar[white]V/i,{na₄}nunuz babbar,,,Q000041,152,Q000041,nunuz[egg]N_babbar[white]V/i
Q000041.153,140b,nunuz[egg]N giggi[black]V/i,{na₄}nunuz giggi,,,Q000041,153,Q000041,nunuz[egg]N_giggi[black]V/i
Q000041.154,141,nunuzgu[necklace?]N,{na₄}nunuz-gu₂,,,Q000041,154,Q000041,nunuzgu[necklace?]N
Q000041.155,142,iškila[shell]N,{na₄}iškila(|ŠA₃×A|),,,Q000041,155,Q000041,iškila[shell]N
Q000041.156,143,iškila[shell]N ab[sea]N,{na₄}iškila ab,,,Q000041,156,Q000041,iškila[shell]N_ab[sea]N
Q000041.157,144,iškila[shell]N anše[equid]N,{na₄}iškila anše,,,Q000041,157,Q000041,iškila[shell]N_anše[equid]N
Q000041.158,145,iškila[shell]N,{na₄}iškila-iškila,,,Q000041,158,Q000041,iškila[shell]N
Q000041.159,146,na[pestle]N,{na₄}na,,,Q000041,159,Q000041,na[pestle]N
Q000041.160,147,narua[stele]N,{na₄}na-ru₂-a,,,Q000041,160,Q000041,narua[stele]N
Q000041.161,148,na[pestle]N zahili[plant]N,{na₄}na za₃-hi-li,,,Q000041,161,Q000041,na[pestle]N_zahili[plant]N
Q000041.162,149,šu[pestle]N zahili[plant]N,{na₄}šu za₃-hi-li,,,Q000041,162,Q000041,šu[pestle]N_zahili[plant]N
Q000041.163,150,na[pestle]N dubban[stone]N,{na₄}na dub-ba-an,,,Q000041,163,Q000041,na[pestle]N_dubban[stone]N
Q000041.164,151,na[pestle]N Gubin[1]GN,{na₄}na gu₂-bi₂-na,,,Q000041,164,Q000041,na[pestle]N_Gubin[1]GN
Q000041.165,151a,na[pestle]N la[hang]V/t,{na₄}na la₂,,,Q000041,165,Q000041,na[pestle]N_la[hang]V/t
Q000041.166,152,ŋirizugalak[flint]N,{na₄}ŋiri₂-zu₂-gal,,,Q000041,166,Q000041,ŋirizugalak[flint]N
Q000041.167,153,saŋ[head]N zu[stone]N,{na₄}saŋ zu₂,,,Q000041,167,Q000041,saŋ[head]N_zu[stone]N
Q000041.168,154,na[stone]N Dimme[1]DN,na₄ {d}dim₃-me,,,Q000041,168,Q000041,na[stone]N_Dimme[1]DN
Q000041.169,155,na[stone]N kag[mouth]N muš[snake]N gu[eat]V/t,na₄ ka muš gu₇,,,Q000041,169,Q000041,na[stone]N_kag[mouth]N_muš[snake]N_gu[eat]V/t
Q000041.170,156,u[emery]N,{na₄}u₂,,,Q000041,170,Q000041,u[emery]N
Q000041.171,157,u[emery]N burud[perforate]V/t,{na₄}u₂ burudₓ(U)-burudₓ(U),,,Q000041,171,Q000041,u[emery]N_burud[perforate]V/t
Q000041.172,158,zibtum[stone?]N,{na₄}zi-ib-tum,,,Q000041,172,Q000041,zibtum[stone?]N
Q000041.173,159,šuhum[stone?]N,{na₄}šu-hu-um,,,Q000041,173,Q000041,šuhum[stone?]N
Q000041.174,160,kapazum[stone]N,{na₄}ka-pa-zum,,,Q000041,174,Q000041,kapazum[stone]N
Q000041.175,161,ayartum[cowrie?]N,{na₄}a-ar-tum,,,Q000041,175,Q000041,ayartum[cowrie?]N
Q000041.176,162,amargu[stone]N,{na₄}amar-gu₂,,,Q000041,176,Q000041,amargu[stone]N
Q000041.177,163,kimaš[stone]N,{na₄}ki-maš,,,Q000041,177,Q000041,kimaš[stone]N
Q000041.178,164,na[stone]N kila[weight]N,na₄ ki-la₂,,,Q000041,178,Q000041,na[stone]N_kila[weight]N
Q000041.179,165,šuʾu[stone]N,{na₄}šu-u,,,Q000041,179,Q000041,šuʾu[stone]N
Q000041.180,166,šumin[stone]N,{na₄}šu-min₃,,,Q000041,180,Q000041,šumin[stone]N
Q000041.181,167,piriŋgunu[stone]N,{na₄}piriŋ-gun₃,,,Q000041,181,Q000041,piriŋgunu[stone]N
Q000041.182,168,šagara[stone]N,{na₄}ša-ga-ra,,,Q000041,182,Q000041,šagara[stone]N
Q000041.183,169,HAR.suhur[stone]N,{na₄}HAR-suhur,,,Q000041,183,Q000041,HAR.suhur[stone]N
Q000041.184,170,ziʾummud[stone]N,{na₄}zi-{kuš}ummud,,,Q000041,184,Q000041,ziʾummud[stone]N
Q000041.185,171,urbitum[stone]N,{na₄}ur-bi₂-tum,,,Q000041,185,Q000041,urbitum[stone]N
Q000041.186,172,gasura[stone]N,{na₄}ka-sur-ra,,,Q000041,186,Q000041,gasura[stone]N
Q000041.187,173,kurgaranum[stone]N,{na₄}kur-ga-ra-nu-um,,,Q000041,187,Q000041,kurgaranum[stone]N
Q000041.188,174,saŋgirmud[stone]N,{na₄}saŋ-gir-mud,,,Q000041,188,Q000041,saŋgirmud[stone]N
Q000041.189,175,kišib[seal]N saŋgirmud[stone]N,{na₄}kišib saŋ-gir-mud,,,Q000041,189,Q000041,kišib[seal]N_saŋgirmud[stone]N
Q000041.190,176,lagab[block]N saŋgirmud[stone]N,{na₄}lagab saŋ-gir-mud,,,Q000041,190,Q000041,lagab[block]N_saŋgirmud[stone]N
Q000041.191,177,abalaʾe[stone]N,{na₄}a-bala-e,,,Q000041,191,Q000041,abalaʾe[stone]N
Q000041.192,178,na[stone]N aš[one]NU gun[load]N,na₄ aš gun₂,,,Q000041,192,Q000041,na[stone]N_aš[one]NU_gun[load]N
Q000041.193,179,na[stone]N ninnu[fifty]NU mana[unit]N,na₄ ninnu ma-na,,,Q000041,193,Q000041,na[stone]N_ninnu[fifty]NU_mana[unit]N
Q000041.194,180,na[stone]N nimin[forty]NU mana[unit]N,na₄ nimin ma-na,,,Q000041,194,Q000041,na[stone]N_nimin[forty]NU_mana[unit]N
Q000041.195,181,na[stone]N ušu[thirty]NU mana[unit]N,na₄ ušu₃ ma-na,,,Q000041,195,Q000041,na[stone]N_ušu[thirty]NU_mana[unit]N
Q000041.196,182,na[stone]N niš[twenty]NU mana[unit]N,na₄ niš ma-na,,,Q000041,196,Q000041,na[stone]N_niš[twenty]NU_mana[unit]N
Q000041.197,183,na[stone]N 15[NA]NA mana[unit]N,na₄ 15 ma-na,,,Q000041,197,Q000041,na[stone]N_15[NA]NA_mana[unit]N
Q000041.198,184,na[stone]N u[ten]NU mana[unit]N,na₄ u ma-na,,,Q000041,198,Q000041,na[stone]N_u[ten]NU_mana[unit]N
Q000041.199,185,na[stone]N ya[five]NU mana[unit]N,na₄ ia₂ ma-na,,,Q000041,199,Q000041,na[stone]N_ya[five]NU_mana[unit]N
Q000041.200,186,na[stone]N eš[three]NU mana[unit]N,na₄ eš₅ ma-na,,,Q000041,200,Q000041,na[stone]N_eš[three]NU_mana[unit]N
Q000041.201,187,na[stone]N min[two]NU mana[unit]N,na₄ min ma-na,,,Q000041,201,Q000041,na[stone]N_min[two]NU_mana[unit]N
Q000041.202,188,na[stone]N diš[one]NU mana[unit]N,na₄ diš ma-na,,,Q000041,202,Q000041,na[stone]N_diš[one]NU_mana[unit]N
Q000041.203,189,na[stone]N šanabi[two-thirds]N mana[unit]N,na₄ šanabi ma-na,,,Q000041,203,Q000041,na[stone]N_šanabi[two-thirds]N_mana[unit]N
Q000041.204,190,na[stone]N sa[half]N mana[unit]N,na₄ sa₉ ma-na,,,Q000041,204,Q000041,na[stone]N_sa[half]N_mana[unit]N
Q000041.205,191,na[stone]N šušana[fraction]N mana[unit]N,na₄ šušana ma-na,,,Q000041,205,Q000041,na[stone]N_šušana[fraction]N_mana[unit]N
Q000041.206,192,na[stone]N u[ten]NU giŋ[unit]N,na₄ u giŋ₄,,,Q000041,206,Q000041,na[stone]N_u[ten]NU_giŋ[unit]N
Q000041.207,193,na[stone]N ya[five]NU giŋ[unit]N,na₄ ia₂ giŋ₄,,,Q000041,207,Q000041,na[stone]N_ya[five]NU_giŋ[unit]N
Q000041.208,193a,na[stone]N limmu[four]NU giŋ[unit]N,na₄ limmu₅ giŋ₄,,,Q000041,208,Q000041,na[stone]N_limmu[four]NU_giŋ[unit]N
Q000041.209,194,na[stone]N eš[three]NU giŋ[unit]N,na₄ eš₅ giŋ₄,,,Q000041,209,Q000041,na[stone]N_eš[three]NU_giŋ[unit]N
Q000041.210,195,na[stone]N min[two]NU giŋ[unit]N,na₄ min giŋ₄,,,Q000041,210,Q000041,na[stone]N_min[two]NU_giŋ[unit]N
Q000041.211,196,na[stone]N diš[one]NU giŋ[unit]N,na₄ diš giŋ₄,,,Q000041,211,Q000041,na[stone]N_diš[one]NU_giŋ[unit]N
Q000041.212,196a,na[stone]N 5/6[NA]NA giŋ[unit]N,na₄ 5/6 giŋ₄,,,Q000041,212,Q000041,na[stone]N_5/6[NA]NA_giŋ[unit]N
Q000041.213,197,na[stone]N šanabi[two-thirds]N giŋ[unit]N,na₄ šanabi giŋ₄,,,Q000041,213,Q000041,na[stone]N_šanabi[two-thirds]N_giŋ[unit]N
Q000041.214,198,na[stone]N sa[half]N giŋ[unit]N,na₄ sa₉ giŋ₄,,,Q000041,214,Q000041,na[stone]N_sa[half]N_giŋ[unit]N
Q000041.215,199,na[stone]N šušana[fraction]N giŋ[unit]N,na₄ šušana giŋ₄,,,Q000041,215,Q000041,na[stone]N_šušana[fraction]N_giŋ[unit]N
Q000041.216,200,na[stone]N igi[eye]N limmu[four]NU ŋal[be]V/i,na₄ igi limmu₅ ŋal₂,,,Q000041,216,Q000041,na[stone]N_igi[eye]N_limmu[four]NU_ŋal[be]V/i
Q000041.217,201,na[stone]N igi[eye]N aš[six]NU ŋal[be]V/i,na₄ igi aš₃ ŋal₂,,,Q000041,217,Q000041,na[stone]N_igi[eye]N_aš[six]NU_ŋal[be]V/i
Q000041.218,202,na[stone]N 22.1/2[NA]NA še[barley]N,na₄ 22.1/2 še,,,Q000041,218,Q000041,na[stone]N_22.1/2[NA]NA_še[barley]N
Q000041.219,203,na[stone]N niš[twenty]NU še[barley]N,na₄ niš še,,,Q000041,219,Q000041,na[stone]N_niš[twenty]NU_še[barley]N
Q000041.220,204,na[stone]N 15[NA]NA še[barley]N,na₄ 15 še,,,Q000041,220,Q000041,na[stone]N_15[NA]NA_še[barley]N
Q000041.221,205,na[stone]N u[ten]NU še[barley]N,na₄ u še,,,Q000041,221,Q000041,na[stone]N_u[ten]NU_še[barley]N
Q000041.222,206,na[stone]N ya[five]NU še[barley]N,na₄ ia₂ še,,,Q000041,222,Q000041,na[stone]N_ya[five]NU_še[barley]N
Q000041.223,206a,na[stone]N eš[three]NU še[barley]N,na₄ eš₅ še,,,Q000041,223,Q000041,na[stone]N_eš[three]NU_še[barley]N
Q000041.224,206b,na[stone]N min[two]NU še[barley]N,na₄ min še,,,Q000041,224,Q000041,na[stone]N_min[two]NU_še[barley]N
Q000041.225,206c,na[stone]N diš[one]NU še[barley]N,na₄ diš še,,,Q000041,225,Q000041,na[stone]N_diš[one]NU_še[barley]N
Q000041.226,207,u[grass]N,u₂,,,Q000041,226,Q000041,u[grass]N
Q000041.227,208,ligi[plant]N,{u₂}li-gi₄,,,Q000041,227,Q000041,ligi[plant]N
Q000041.228,209,liligi[plant]N,{u₂}li-li-gi₄,,,Q000041,228,Q000041,liligi[plant]N
Q000041.229,210,liligi[plant]N,{u₂}li-li-gi₄,,,Q000041,229,Q000041,liligi[plant]N
Q000041.230,211,{u₂}bur₂-TAR[NA]NA,{u₂}bur₂-TAR,,,Q000041,230,Q000041,{u₂}bur₂-TAR[NA]NA
Q000041.231,212,bur[grass]N,{u₂}bur₂-bur₂,,,Q000041,231,Q000041,bur[grass]N
Q000041.233,213,gug[grass]N,{u₂}gug₄,,,Q000041,233,Q000041,gug[grass]N
Q000041.234,214,šub[rush]N,{u₂}šub₅,,,Q000041,234,Q000041,šub[rush]N
Q000041.235,215,{u₂}NUMUN₂-x[NA]NA,{u₂}NUMUN₂-x,,,Q000041,235,Q000041,{u₂}NUMUN₂-x[NA]NA
Q000041.236,216,kul[plant]N,{u₂}kul-la,,,Q000041,236,Q000041,kul[plant]N
Q000041.237,217,sas[grass]N,{u₂}sasₓ(|KI.KAL|),,,Q000041,237,Q000041,sas[grass]N
Q000041.238,218,ribba[plant]N,{u₂}rib-ba,,,Q000041,238,Q000041,ribba[plant]N
Q000041.240,223,amsihara[plant]N,{u₂}am-si-ha-ra,,,Q000041,240,Q000041,amsihara[plant]N
Q000041.241,224,gazi[condiment]N amsihara[plant]N,{u₂}gazi am-si-ha-ra,,,Q000041,241,Q000041,gazi[condiment]N_amsihara[plant]N
Q000041.242,225,amsiharranak[plant]N,{u₂}am-si-har-ra-an-na,,,Q000041,242,Q000041,amsiharranak[plant]N
Q000041.243,226,kazal[plant]N,{u₂}ka-zal,,,Q000041,243,Q000041,kazal[plant]N
Q000041.244,227,kazal[plant]N,{u₂}ka-zal,,,Q000041,244,Q000041,kazal[plant]N
Q000041.245,228,abušu[plant]N,{u₂}a-bu₄-šu₂,,,Q000041,245,Q000041,abušu[plant]N
Q000041.246,229,abušu[plant]N gaz[kill]V/t,{u₂}a-bu₄-šu₂ gaz,,,Q000041,246,Q000041,abušu[plant]N_gaz[kill]V/t
Q000041.247,230,ušim[greenery]N,u₂-šim,,,Q000041,247,Q000041,ušim[greenery]N
Q000041.248,231,saŋkešed[strap]N,{u₂}saŋ-keš₂,,,Q000041,248,Q000041,saŋkešed[strap]N
Q000041.249,232,dudin[plant]N,{u₂}du₆-din,,,Q000041,249,Q000041,dudin[plant]N
Q000041.250,233,dih[weed]N,{u₂}deh₃,,,Q000041,250,Q000041,dih[weed]N
Q000041.251,234,bulug[plant]N,{u₂}bulug,,,Q000041,251,Q000041,bulug[plant]N
Q000041.252,235,amani[plant]N,{u₂}ama-ni,,,Q000041,252,Q000041,amani[plant]N
Q000041.253,236,dumuni[plant]N,{u₂}dumu-ni,,,Q000041,253,Q000041,dumuni[plant]N
Q000041.254,237,niŋamani[plant]N,{u₂}niŋ₂-ama-ni,,,Q000041,254,Q000041,niŋamani[plant]N
Q000041.255,238,niŋurum[plant]N,{u₂}niŋ₂-u₂-rum,,,Q000041,255,Q000041,niŋurum[plant]N
Q000041.256,239,iškur[plant]N,{u₂}{d}iškur,,,Q000041,256,Q000041,iškur[plant]N
Q000041.257,239a,kasala[plant]N,{u₂}ka-sal-la,,,Q000041,257,Q000041,kasala[plant]N
Q000041.258,240,šakira[plant]N,{u₂}šakir₃-ra,,,Q000041,258,Q000041,šakira[plant]N
Q000041.259,241,u[grass]N Dimme[1]DN,u₂ {d}dim₃-me,,,Q000041,259,Q000041,u[grass]N_Dimme[1]DN
Q000041.260,242,kamušeguʾe[plant]N,{u₂}ka-muš-e-gu₇-e,,,Q000041,260,Q000041,kamušeguʾe[plant]N
Q000041.261,243,sudin[plant]N,{u₂}su-din,,,Q000041,261,Q000041,sudin[plant]N
Q000041.262,244,u[grass]N utud[bear]V/t,u₂ u₃-tud,,,Q000041,262,Q000041,u[grass]N_utud[bear]V/t
Q000041.263,245,u[grass]N utud[bear]V/t,u₂ tud,,,Q000041,263,Q000041,u[grass]N_utud[bear]V/t
Q000041.264,246,hab[plant]N,{u₂}hab₂,,,Q000041,264,Q000041,hab[plant]N
Q000041.265,247,nugig[plant]N,{u₂}nu-gig,,,Q000041,265,Q000041,nugig[plant]N
Q000041.266,248,munzer[licorice]N,{u₂}munzer(|KI.AN.ŠEŠ.KI|),,,Q000041,266,Q000041,munzer[licorice]N
Q000041.267,249,lub[turnip]N zi[cut]V/t,{u₂}lu-ub₂{sar} ze₂,,,Q000041,267,Q000041,lub[turnip]N_zi[cut]V/t
Q000041.268,250,innuš[plant]N,{u₂}in-nu-uš,,,Q000041,268,Q000041,innuš[plant]N
Q000041.269,251,sikil[plant]N,{u₂}sikil,,,Q000041,269,Q000041,sikil[plant]N
Q000041.270,252,kubullum[foodstuff]N,{u₂}ku-bu-ul,,,Q000041,270,Q000041,kubullum[foodstuff]N
Q000041.271,253,{u₂}x[NA]NA kubullum[foodstuff]N,{u₂}x ku-bu-ul,,,Q000041,271,Q000041,{u₂}x[NA]NA_kubullum[foodstuff]N
Q000041.272,,,,0-2,line,Q000041,272,Q000041,
Q000041.273,255,{u₂}x-gu-la-da[NA]NA,{u₂}x-gu-la-da,,,Q000041,273,Q000041,{u₂}x-gu-la-da[NA]NA
Q000041.274,256,ŋirimua[plant]N,{u₂}ŋiri₃-mu₂-a,,,Q000041,274,Q000041,ŋirimua[plant]N
Q000041.275,257,ŋiriʾuga[plant]N,{u₂}ŋiri₃-uga{mušen},,,Q000041,275,Q000041,ŋiriʾuga[plant]N
Q000041.276,258,ŋiriʾurgira[plant]N,{u₂}ŋiri₃-ur-gi₇-ra,,,Q000041,276,Q000041,ŋiriʾurgira[plant]N
Q000041.277,259,u[grass]N sag[good]V/i,u₂ sag₉,,,Q000041,277,Q000041,u[grass]N_sag[good]V/i
Q000041.278,260,uzudirig[mushroom]N,{u₂}uzu-dirig,,,Q000041,278,Q000041,uzudirig[mushroom]N
Q000041.279,261,uzudirig[mushroom]N kur[mountain]N,{u₂}uzu-dirig kur,,,Q000041,279,Q000041,uzudirig[mushroom]N_kur[mountain]N
Q000041.280,262,sar[garden]N,sar,,,Q000041,280,Q000041,sar[garden]N
Q000041.281,263,šum[garlic]N,šum₂{sar},,,Q000041,281,Q000041,šum[garlic]N
Q000041.282,264,šumsikil[vegetable]N,šum₂-sikil{sar},,,Q000041,282,Q000041,šumsikil[vegetable]N
Q000041.283,265,šumsikil[vegetable]N tutuba[~vegetable]N,šum₂-sikil tu-tu-ba{sar},,,Q000041,283,Q000041,šumsikil[vegetable]N_tutuba[~vegetable]N
Q000041.284,266,šumsikil[vegetable]N lum[NA]NA,šum₂-sikil lum,,,Q000041,284,Q000041,šumsikil[vegetable]N_lum[NA]NA
Q000041.285,267,šum[garlic]N gaz[kill]V/t,šum₂ gaz-za{sar},,,Q000041,285,Q000041,šum[garlic]N_gaz[kill]V/t
Q000041.286,268,šum[garlic]N širdili[~garlic]N,šum₂ šir-dili{sar},,,Q000041,286,Q000041,šum[garlic]N_širdili[~garlic]N
Q000041.287,269,šum[garlic]N x[NA]NA x[NA]NA,šum₂ x x,,,Q000041,287,Q000041,šum[garlic]N_x[NA]NA_x[NA]NA
Q000041.288,,,,0-2,line,Q000041,288,Q000041,
Q000041.289,270,hazanum[plant]N,ha-za-nu-um{sar},,,Q000041,289,Q000041,hazanum[plant]N
Q000041.290,271,andahšum[plant]N,an-dah-šum{sar},,,Q000041,290,Q000041,andahšum[plant]N
Q000041.291,272,zahadin[vegetable]N,za-ha-din{sar},,,Q000041,291,Q000041,zahadin[vegetable]N
Q000041.292,273,zahili[plant]N,za₃-hi-li-a{sar},,,Q000041,292,Q000041,zahili[plant]N
Q000041.293,274,numun[seed]N zahili[plant]N,numun za₃-hi-li-a{sar},,,Q000041,293,Q000041,numun[seed]N_zahili[plant]N
Q000041.294,275,numun[seed]N sar[NA]NA,numun sar,,,Q000041,294,Q000041,numun[seed]N_sar[NA]NA
Q000041.295,276,gamun[cumin]N,{u₂}gamun{sar},,,Q000041,295,Q000041,gamun[cumin]N
Q000041.296,277,gamun[cumin]N babbar[white]V/i,{u₂}gamun babbar{sar},,,Q000041,296,Q000041,gamun[cumin]N_babbar[white]V/i
Q000041.297,278,gamun[cumin]N kukkug[dark]V/i,{u₂}gamun kukku₅{sar},,,Q000041,297,Q000041,gamun[cumin]N_kukkug[dark]V/i
Q000041.298,279,šelu[coriander]N,še-lu₂{sar},,,Q000041,298,Q000041,šelu[coriander]N
Q000041.299,280,šelu[coriander]N ŋissu[shade]N,še-lu₂ ŋissu{sar},,,Q000041,299,Q000041,šelu[coriander]N_ŋissu[shade]N
Q000041.300,281,šimbirida[plant]N,šimbirida(|U₂.KUR|){sar},,,Q000041,300,Q000041,šimbirida[plant]N
Q000041.301,282,šimbirida[plant]N hursaŋ[mountain]N,šimbirida(|U₂.KUR|) hur-saŋ,,,Q000041,301,Q000041,šimbirida[plant]N_hursaŋ[mountain]N
Q000041.302,283,sullim[spice]N,{u₂}sullim{sar},,,Q000041,302,Q000041,sullim[spice]N
Q000041.303,284,sullimšuguba[spice]N,{u₂}sullim-šu-gub-ba{sar},,,Q000041,303,Q000041,sullimšuguba[spice]N
Q000041.304,285,{u₂}saŋ-ŋa₂{sar}[NA]NA,{u₂}saŋ-ŋa₂{sar},,,Q000041,304,Q000041,{u₂}saŋ-ŋa₂{sar}[NA]NA
Q000041.305,286,kurgirina[plant]N,kur-gi-rin-na{sar},,,Q000041,305,Q000041,kurgirina[plant]N
Q000041.306,287,tabba[vegetable?]N,tab-ba{sar},,,Q000041,306,Q000041,tabba[vegetable?]N
Q000041.307,288,HI.a[vegetable]N,HI-a{sar},,,Q000041,307,Q000041,HI.a[vegetable]N
Q000041.308,289,barbar[plant]N,bar-bar{sar},,,Q000041,308,Q000041,barbar[plant]N
Q000041.309,290,šagki[vegetable]N,šag₄-ki{sar},,,Q000041,309,Q000041,šagki[vegetable]N
Q000041.310,291,niŋnagar[plant]N,niŋ₂-nagar{sar},,,Q000041,310,Q000041,niŋnagar[plant]N
Q000041.311,292,hiz[vegetable]N,hi-iz{sar},,,Q000041,311,Q000041,hiz[vegetable]N
Q000041.312,293,hizurbara[vegetable]N,hi-iz-ur-bar-ra{sar},,,Q000041,312,Q000041,hizurbara[vegetable]N
Q000041.313,294,hiz[vegetable]N gakkul[heart]N,hi-iz gakkul₃{sar},,,Q000041,313,Q000041,hiz[vegetable]N_gakkul[heart]N
Q000041.314,295,lub[turnip]N,lu-ub₂{sar},,,Q000041,314,Q000041,lub[turnip]N
Q000041.315,296,dula[depth]N,dun₃-la₂{sar},,,Q000041,315,Q000041,dula[depth]N
Q000041.316,297,ganše[plant]N,gan₂-še{sar},,,Q000041,316,Q000041,ganše[plant]N
Q000041.317,298,garaš[leek]N,ga-raš{sar},,,Q000041,317,Q000041,garaš[leek]N
Q000041.318,299,saŋ[head]N garaš[leek]N,saŋ ga-raš{sar},,,Q000041,318,Q000041,saŋ[head]N_garaš[leek]N
Q000041.319,300,numun[seed]N garaš[leek]N,numun ga-raš{sar},,,Q000041,319,Q000041,numun[seed]N_garaš[leek]N
Q000041.320,301,garašsaŋ[leek]N,ga-raš-saŋ{sar},,,Q000041,320,Q000041,garašsaŋ[leek]N
Q000041.321,302,garaš[leek]N dula[depth]N,ga-raš dun₃-la₂{sar},,,Q000041,321,Q000041,garaš[leek]N_dula[depth]N
Q000041.322,303,maš[plant]N,{ŋeš}maš{sar},,,Q000041,322,Q000041,maš[plant]N
Q000041.323,304,mašgurum[plant]N,{ŋeš}maš-gurum{sar},,,Q000041,323,Q000041,mašgurum[plant]N
Q000041.324,305,nuluha[asafoetida]N,nu-luh-ha{sar},,,Q000041,324,Q000041,nuluha[asafoetida]N
Q000041.325,306,ŋeš[tree]N nuluha[asafoetida]N,ŋeš nu-luh-ha{sar},,,Q000041,325,Q000041,ŋeš[tree]N_nuluha[asafoetida]N
Q000041.326,307,kamkammatum[plant]N,kam-kam-ma-tum{sar},,,Q000041,326,Q000041,kamkammatum[plant]N
Q000041.327,308,zibibitum[seed]N,zi-bi₂-bi₂-tum{sar},,,Q000041,327,Q000041,zibibitum[seed]N
Q000041.328,309,gibi[vegetable]N,gi-bi{sar},,,Q000041,328,Q000041,gibi[vegetable]N
Q000041.329,310,adar[plant]N,a-dar{sar},,,Q000041,329,Q000041,adar[plant]N
Q000041.330,311,adar[plant]N hab[malodorous]V/i,a-dar hab₂{sar},,,Q000041,330,Q000041,adar[plant]N_hab[malodorous]V/i
Q000041.331,312,dimgi[plant]N,dim₃-gi₄{sar},,,Q000041,331,Q000041,dimgi[plant]N
Q000041.332,,,,n,line,Q000041,332,Q000041,
Q000041.333,314,gubi[eel?]N,gu₂-bi₂{ku₆},,,Q000041,333,Q000041,gubi[eel?]N
Q000041.334,315,suhur[carp]N,suhur{ku₆},,,Q000041,334,Q000041,suhur[carp]N
Q000041.335,316,suhurmaš[fish]N,suhur-maš{ku₆},,,Q000041,335,Q000041,suhurmaš[fish]N
Q000041.336,317,suhursumla[fish]N,suhur-sum₄-la₂{ku₆},,,Q000041,336,Q000041,suhursumla[fish]N
Q000041.337,318,suhur-x{ku₆}[NA]NA,suhur-x{ku₆},,,Q000041,337,Q000041,suhur-x{ku₆}[NA]NA
Q000041.338,319,sumaš[fish]N,sumaš{ku₆},,,Q000041,338,Q000041,sumaš[fish]N
Q000041.339,320,eštub[carp]N,eštub{ku₆},,,Q000041,339,Q000041,eštub[carp]N
Q000041.340,321,eštub[NA]NA sig{ku₆}[NA]NA,eštub sig{ku₆},,,Q000041,340,Q000041,eštub[NA]NA_sig{ku₆}[NA]NA
Q000041.341,322,eštub[NA]NA šeš{ku₆}[NA]NA,eštub šeš{ku₆},,,Q000041,341,Q000041,eštub[NA]NA_šeš{ku₆}[NA]NA
Q000041.342,,,,n,line,Q000041,342,Q000041,
Q000041.343,324,saŋ-ki{ku₆}[NA]NA,saŋ-ki{ku₆},,,Q000041,343,Q000041,saŋ-ki{ku₆}[NA]NA
Q000041.344,325,durahnita[fish]N,durah-nita{ku₆},,,Q000041,344,Q000041,durahnita[fish]N
Q000041.345,326,abalaʾe[fish]N,a-bala-e{ku₆},,,Q000041,345,Q000041,abalaʾe[fish]N
Q000041.346,327,izi[fish]N,izi{ku₆},,,Q000041,346,Q000041,izi[fish]N
Q000041.347,328,šeš[fish]N,šeš{ku₆},,,Q000041,347,Q000041,šeš[fish]N
Q000041.348,329,lu₂.ulu₃.GA₂[fish]N,lu₂-ulu₃{ku₆},,,Q000041,348,Q000041,lu₂.ulu₃.GA₂[fish]N
Q000041.349,330,adamin[fish]N,a-da-min₃{ku₆},,,Q000041,349,Q000041,adamin[fish]N
Q000041.350,331,ugudil[fish]N,aga₃-dil{ku₆},,,Q000041,350,Q000041,ugudil[fish]N
Q000041.351,332,ugudil[fish]N,aga₃-dil{ku₆},,,Q000041,351,Q000041,ugudil[fish]N
Q000041.352,333,adarhub[fish]N,a-dar-hab₂{ku₆},,,Q000041,352,Q000041,adarhub[fish]N
Q000041.353,334,agargara[fish]N,agargara{ku₆},,,Q000041,353,Q000041,agargara[fish]N
Q000041.354,334a,agargarasila[fish]N,agargara-sila₃{ku₆},,,Q000041,354,Q000041,agargarasila[fish]N
Q000041.355,335,agargara[fish]N eštub[carp]N,agargara eštub{ku₆},,,Q000041,355,Q000041,agargara[fish]N_eštub[carp]N
Q000041.356,336,agargara[fish]N ab[sea]N,agargara ab,,,Q000041,356,Q000041,agargara[fish]N_ab[sea]N
Q000041.357,337,agargara[fish]N barhuš[fish]N,agargara bar-huš{ku₆},,,Q000041,357,Q000041,agargara[fish]N_barhuš[fish]N
Q000041.358,338,agargara[fish]N tur[small]V/i,agargara tur-tur{ku₆},,,Q000041,358,Q000041,agargara[fish]N_tur[small]V/i
Q000041.359,339,gir[fish]N,gir{ku₆},,,Q000041,359,Q000041,gir[fish]N
Q000041.360,340,giršu[fish]N,gir-šu{ku₆},,,Q000041,360,Q000041,giršu[fish]N
Q000041.361,341,girgid[fish]N,gir-gid₂{ku₆},,,Q000041,361,Q000041,girgid[fish]N
Q000041.362,342,gir[fish]N ab[sea]N,gir ab,,,Q000041,362,Q000041,gir[fish]N_ab[sea]N
Q000041.363,343,absuhur[carp]N,ab-suhur{ku₆},,,Q000041,363,Q000041,absuhur[carp]N
Q000041.364,344,nindaʾabsuhur[fish]N,ninda₂-ab-suhur{ku₆},,,Q000041,364,Q000041,nindaʾabsuhur[fish]N
Q000041.365,345,kiŋ[fish]N,kiŋ₂{ku₆},,,Q000041,365,Q000041,kiŋ[fish]N
Q000041.366,346,kiŋtur[toad]N,kiŋ₂-tur{ku₆},,,Q000041,366,Q000041,kiŋtur[toad]N
Q000041.367,347,kaskas[fish]N,kas₄-kas₄{ku₆},,,Q000041,367,Q000041,kaskas[fish]N
Q000041.368,348,kassura[fish]N,kas₄-sur-ra{ku₆},,,Q000041,368,Q000041,kassura[fish]N
Q000041.369,349,dubsar[fish]N,dub-sar{ku₆},,,Q000041,369,Q000041,dubsar[fish]N
Q000041.370,350,in-x{ku₆}[NA]NA,in-x{ku₆},,,Q000041,370,Q000041,in-x{ku₆}[NA]NA
Q000041.371,,,,2,line,Q000041,371,Q000041,
Q000041.372,353,x{ku₆}[NA]NA,x{ku₆},,,Q000041,372,Q000041,x{ku₆}[NA]NA
Q000041.373,354,mur[fish]N,mu-ra{ku₆},,,Q000041,373,Q000041,mur[fish]N
Q000041.374,355,musa[fish]N,mu-sa{ku₆},,,Q000041,374,Q000041,musa[fish]N
Q000041.375,356,gamar[fish]N,gamar{ku₆},,,Q000041,375,Q000041,gamar[fish]N
Q000041.376,357,kar₂{ku₆}[NA]NA,kar₂{ku₆},,,Q000041,376,Q000041,kar₂{ku₆}[NA]NA
Q000041.377,358,esir[fish]N,e-sir₂{ku₆},,,Q000041,377,Q000041,esir[fish]N
Q000041.378,359,gal{ku₆}[NA]NA,gal{ku₆},,,Q000041,378,Q000041,gal{ku₆}[NA]NA
Q000041.379,360,šum[fish]N,šum{ku₆},,,Q000041,379,Q000041,šum[fish]N
Q000041.380,361,nunuz[egg]N kud[fish]N,nunuz ku₆,,,Q000041,380,Q000041,nunuz[egg]N_kud[fish]N
Q000041.381,362,nu{ku₆}[NA]NA,nu{ku₆},,,Q000041,381,Q000041,nu{ku₆}[NA]NA
Q000041.382,363,bar[fish]N,bar{ku₆},,,Q000041,382,Q000041,bar[fish]N
Q000041.383,364,udtab[fish]N,ud-da-ba{ku₆},,,Q000041,383,Q000041,udtab[fish]N
Q000041.384,365,šagbar[fish]N,šag₄-bar-ra{ku₆},,,Q000041,384,Q000041,šagbar[fish]N
Q000041.385,366,šagluha[fish]N,šag₄-luh-ha{ku₆},,,Q000041,385,Q000041,šagluha[fish]N
Q000041.386,367,zubud[fish]N,zubud{ku₆},,,Q000041,386,Q000041,zubud[fish]N
Q000041.387,368,HA@t{ku₆}[NA]NA,HA@t{ku₆},,,Q000041,387,Q000041,HA@t{ku₆}[NA]NA
Q000041.388,369,du[fish]N,du₆{ku₆},,,Q000041,388,Q000041,du[fish]N
Q000041.389,370,muš[fish]N,muš{ku₆},,,Q000041,389,Q000041,muš[fish]N
Q000041.390,371,gur[fish]N,gur₇{ku₆},,,Q000041,390,Q000041,gur[fish]N
Q000041.391,372,NE-x-ma{ku₆}[NA]NA,NE-x-ma{ku₆},,,Q000041,391,Q000041,NE-x-ma{ku₆}[NA]NA
Q000041.392,373,šeš₂{ku₆}[NA]NA,šeš₂{ku₆},,,Q000041,392,Q000041,šeš₂{ku₆}[NA]NA
Q000041.393,374,šeŋ[cook]V/t kud[fish]N,šeŋ₆ ku₆,,,Q000041,393,Q000041,šeŋ[cook]V/t_kud[fish]N
Q000041.394,375,hab[malodorous]V/i kud[fish]N,hab₂ ku₆,,,Q000041,394,Q000041,hab[malodorous]V/i_kud[fish]N
Q000041.395,375a,ni₂-x-la-ga{ku₆}[NA]NA,ni₂-x-la-ga{ku₆},,,Q000041,395,Q000041,ni₂-x-la-ga{ku₆}[NA]NA
Q000041.396,376,nigugu[fish]N,ni₂-gu₇-gu₇-ga{ku₆},,,Q000041,396,Q000041,nigugu[fish]N
Q000041.397,377,laga[slag]N,la-gu₇{ku₆},,,Q000041,397,Q000041,laga[slag]N
Q000041.398,378,ubi[fish]N,ubi{ku₆},,,Q000041,398,Q000041,ubi[fish]N
Q000041.399,379,ubi[fish]N ab[sea]N,ubi ab,,,Q000041,399,Q000041,ubi[fish]N_ab[sea]N
Q000041.400,380,alusa[sauce]N kud[fish]N,al-us₂-sa ku₆,,,Q000041,400,Q000041,alusa[sauce]N_kud[fish]N
Q000041.401,381,alusa[sauce]N mur-ra[NA]NA kud[fish]N,al-us₂-sa mur-ra ku₆,,,Q000041,401,Q000041,alusa[sauce]N_mur-ra[NA]NA_kud[fish]N
Q000041.402,382,alusa[sauce]N si-ga[NA]NA kud[fish]N,al-us₂-sa si-ga ku₆,,,Q000041,402,Q000041,alusa[sauce]N_si-ga[NA]NA_kud[fish]N
Q000041.403,383,guz[crush]V/i kud[fish]N,al-kum-ma ku₆,,,Q000041,403,Q000041,guz[crush]V/i_kud[fish]N
Q000041.404,384,gaz[kill]V/t kud[fish]N,gaz ku₆,,,Q000041,404,Q000041,gaz[kill]V/t_kud[fish]N
Q000041.405,385,u[goose]N,u₅{mušen},,,Q000041,405,Q000041,u[goose]N
Q000041.406,386,ubi[bird]N,u₅-bi₂{mušen},,,Q000041,406,Q000041,ubi[bird]N
Q000041.407,387,ezi[bird]N,e-zi{mušen},,,Q000041,407,Q000041,ezi[bird]N
Q000041.408,388,azagun[bird]N,a-zag-gun₃{mušen},,,Q000041,408,Q000041,azagun[bird]N
Q000041.409,389,misaz[bird]N,mi-sa-az{mušen},,,Q000041,409,Q000041,misaz[bird]N
Q000041.410,390,gambi[crane]N,gambi(|SAL.UŠ.DI.KID|){mušen},,,Q000041,410,Q000041,gambi[crane]N
Q000041.411,391,dar[bird]N,dar{mušen},,,Q000041,411,Q000041,dar[bird]N
Q000041.412,392,darlugal[rooster]N,dar-lugal{mušen},,,Q000041,412,Q000041,darlugal[rooster]N
Q000041.413,393,darzizi[bird]N,dar-zi-zi{mušen},,,Q000041,413,Q000041,darzizi[bird]N
Q000041.414,394,dar[bird]N Meluhha[1]GN,dar me-luh-ha{mušen},,,Q000041,414,Q000041,dar[bird]N_Meluhha[1]GN
Q000041.415,395,gamgam[bird]N,gam₄-gam{mušen},,,Q000041,415,Q000041,gamgam[bird]N
Q000041.416,396,šaghab[bird]N,šag₄-hab₂{mušen},,,Q000041,416,Q000041,šaghab[bird]N
Q000041.417,397,buru[bird]N,buru₄{mušen},,,Q000041,417,Q000041,buru[bird]N
Q000041.418,398,buruhur[bird]N,buru₄-hur{mušen},,,Q000041,418,Q000041,buruhur[bird]N
Q000041.419,399,buru[bird]N nita[male]N,buru₄ nita{mušen},,,Q000041,419,Q000041,buru[bird]N_nita[male]N
Q000041.420,400,uga[raven]N,uga{mušen},,,Q000041,420,Q000041,uga[raven]N
Q000041.421,401,uga[raven]N numun[seed]N,uga numun{mušen},,,Q000041,421,Q000041,uga[raven]N_numun[seed]N
Q000041.422,402,zupiš[bird]N,zu₂-peš₂{mušen},,,Q000041,422,Q000041,zupiš[bird]N
Q000041.423,403,kasukudra[bird]N,ka-sukud-ra₂{mušen},,,Q000041,423,Q000041,kasukudra[bird]N
Q000041.424,404,šulu[bird]N,šu-lu₂{mušen},,,Q000041,424,Q000041,šulu[bird]N
Q000041.425,405,irihulua[bird]N,iri-hulu-a{mušen},,,Q000041,425,Q000041,irihulua[bird]N
Q000041.426,406,ukuku[bird]N,u₃-ku-ku{mušen},,,Q000041,426,Q000041,ukuku[bird]N
Q000041.427,407,ukukubaʾuš[bird]N,u₃-ku-ku-ba-uš₂{mušen},,,Q000041,427,Q000041,ukukubaʾuš[bird]N
Q000041.428,408,ninninnata[bird]N,{d}ni₂-namma{mušen},,,Q000041,428,Q000041,ninninnata[bird]N
Q000041.429,409,ninninnamaš[bird]N,{d}ni₂-namma-maš{mušen},,,Q000041,429,Q000041,ninninnamaš[bird]N
Q000041.430,410,anzud[eagle]N,anzud{mušen},,,Q000041,430,Q000041,anzud[eagle]N
Q000041.431,411,nunuz[egg]N anzud[eagle]N,nunuz anzud{mušen},,,Q000041,431,Q000041,nunuz[egg]N_anzud[eagle]N
Q000041.432,412,amar[young]N anzud[eagle]N,amar anzud{mušen},,,Q000041,432,Q000041,amar[young]N_anzud[eagle]N
Q000041.433,413,surdu[falcon]N,sur₂-du₃{mušen},,,Q000041,433,Q000041,surdu[falcon]N
Q000041.434,414,surdu[falcon]N,sur₂-du₃{mušen},,,Q000041,434,Q000041,surdu[falcon]N
Q000041.435,415,bazbaz[bird]N,bibad{mušen},,,Q000041,435,Q000041,bazbaz[bird]N
Q000041.436,416,bazbaz[bird]N niga[fattened]V/i,bibad niga{mušen},,,Q000041,436,Q000041,bazbaz[bird]N_niga[fattened]V/i
Q000041.437,417,bazbaz[bird]N niga[fattened]V/i sag[rare]V/i,bibad niga sag₁₀{mušen},,,Q000041,437,Q000041,bazbaz[bird]N_niga[fattened]V/i_sag[rare]V/i
Q000041.438,418,nunuz[egg]N bazbaz[bird]N,nunuz bibad{mušen},,,Q000041,438,Q000041,nunuz[egg]N_bazbaz[bird]N
Q000041.439,419,amar[young]N bazbaz[bird]N,amar bibad{mušen},,,Q000041,439,Q000041,amar[young]N_bazbaz[bird]N
Q000041.440,420,inimbalbal[bird]N,inim-bal-bal{mušen},,,Q000041,440,Q000041,inimbalbal[bird]N
Q000041.441,421,igira[heron]N,igiraₓ(|KI.KA.SAL|){mušen},,,Q000041,441,Q000041,igira[heron]N
Q000041.442,422,sipad[bird]N,sipad{mušen},,,Q000041,442,Q000041,sipad[bird]N
Q000041.443,423,LU{mušen}[NA]NA,LU{mušen},,,Q000041,443,Q000041,LU{mušen}[NA]NA
Q000041.444,424,šed[bird]N,še₂₁{mušen},,,Q000041,444,Q000041,šed[bird]N
Q000041.445,425,ŋi[bird]N,ŋi₆{mušen},,,Q000041,445,Q000041,ŋi[bird]N
Q000041.446,425a,KU{mušen}[NA]NA,KU{mušen},,,Q000041,446,Q000041,KU{mušen}[NA]NA
Q000041.447,426,buru[sparrow]N,buru₅{mušen},,,Q000041,447,Q000041,buru[sparrow]N
Q000041.448,427,buruhur[bird]N,buru₅-hur{mušen},,,Q000041,448,Q000041,buruhur[bird]N
Q000041.449,428,burunita[bird]N,buru₅-nita{mušen},,,Q000041,449,Q000041,burunita[bird]N
Q000041.450,429,burugizi[bird]N,buru₅-gi-zi{mušen},,,Q000041,450,Q000041,burugizi[bird]N
Q000041.451,430,burukarkid[bird]N,buru₅-kar-kid{mušen},,,Q000041,451,Q000041,burukarkid[bird]N
Q000041.452,431,buruʾugudu[bird]N,buru₅-ugu-du₃{mušen},,,Q000041,452,Q000041,buruʾugudu[bird]N
Q000041.453,432,burusim[bird]N,buru₅-sim{mušen},,,Q000041,453,Q000041,burusim[bird]N
Q000041.454,433,buruzuluma[bird]N,buru₅-zu₂-lum-ma{mušen},,,Q000041,454,Q000041,buruzuluma[bird]N
Q000041.455,434,buruhabrudak[bird]N,buru₅-habrud-da{mušen},,,Q000041,455,Q000041,buruhabrudak[bird]N
Q000041.456,435,buruʾedinak[bird]N,buru₅-edin-na{mušen},,,Q000041,456,Q000041,buruʾedinak[bird]N
Q000041.457,436,burusigsig[bird]N,buru₅-sig₇-sig₇{mušen},,,Q000041,457,Q000041,burusigsig[bird]N
Q000041.458,437,burubadbadra[bird]N,buru₅-bad-bad-ra₂{mušen},,,Q000041,458,Q000041,burubadbadra[bird]N
Q000041.459,437a,hamun[bird]N,u₅-munu₄{mušen},,,Q000041,459,Q000041,hamun[bird]N
Q000041.460,438,ti[bird]N,ti₈{mušen},,,Q000041,460,Q000041,ti[bird]N
Q000041.461,439,tiʾuz[bird]N,te₈-uz{mušen},,,Q000041,461,Q000041,tiʾuz[bird]N
Q000041.462,440,uz[duck]N,uz{mušen},,,Q000041,462,Q000041,uz[duck]N
Q000041.463,441,uzgi[bird]N,uz-gi₄{mušen},,,Q000041,463,Q000041,uzgi[bird]N
Q000041.464,442,uz[duck]N babbar[white]V/i,uz babbar{mušen},,,Q000041,464,Q000041,uz[duck]N_babbar[white]V/i
Q000041.465,443,uz[duck]N kukkug[dark]V/i,uz kukku₅{mušen},,,Q000041,465,Q000041,uz[duck]N_kukkug[dark]V/i
Q000041.466,444,kislah[bird]N,kislah{mušen},,,Q000041,466,Q000041,kislah[bird]N
Q000041.467,445,udŋeš[bird]N,ud-ŋeš{mušen},,,Q000041,467,Q000041,udŋeš[bird]N
Q000041.468,446,riŋeš[bird]N,ri-ŋeš{mušen},,,Q000041,468,Q000041,riŋeš[bird]N
Q000041.469,447,kib[bird]N,ki-ib{mušen},,,Q000041,469,Q000041,kib[bird]N
Q000041.470,448,kibšu[bird]N,ki-ib-šu{mušen},,,Q000041,470,Q000041,kibšu[bird]N
Q000041.471,449,kibninka[bird]N,ki-ib-{d}nin-ka₆{mušen},,,Q000041,471,Q000041,kibninka[bird]N
Q000041.472,450,kibninkamašmaš[bird]N,ki-ib-{d}nin-ka₆-maš-maš{mušen},,,Q000041,472,Q000041,kibninkamašmaš[bird]N
Q000041.473,451,heʾuš[bird]N,he₂-uš₂{mušen},,,Q000041,473,Q000041,heʾuš[bird]N
Q000041.474,452,TAR[bird]N,TAR{mušen},,,Q000041,474,Q000041,TAR[bird]N
Q000041.475,453,irkun[bird]N,ir-kun{mušen},,,Q000041,475,Q000041,irkun[bird]N
Q000041.476,454,irir[bird]N,ir-ir{mušen},,,Q000041,476,Q000041,irir[bird]N
Q000041.477,455,iriršita[bird]N,ir-ir-šita₄{mušen},,,Q000041,477,Q000041,iriršita[bird]N
Q000041.478,456,bir[locust]N,bir₅{mušen},,,Q000041,478,Q000041,bir[locust]N
Q000041.479,457,sim[swallow]N,sim{mušen},,,Q000041,479,Q000041,sim[swallow]N
Q000041.480,458,guddu[bird]N,gud-du₇{mušen},,,Q000041,480,Q000041,guddu[bird]N
Q000041.481,459,igiguddu[bird]N,igi-gud-du₇{mušen},,,Q000041,481,Q000041,igiguddu[bird]N
Q000041.482,460,igiŋeštinak[bird]N,igi-ŋeštin-na{mušen},,,Q000041,482,Q000041,igiŋeštinak[bird]N
Q000041.483,461,niŋ₂.GA.mu.du.um[bird]N,niŋ₂-gur₁₁-mu-tum₂-u₃{mušen},,,Q000041,483,Q000041,niŋ₂.GA.mu.du.um[bird]N
Q000041.484,462,bantum[bird]N,ba-an-tum₃{mušen},,,Q000041,484,Q000041,bantum[bird]N
Q000041.485,463,altirigu[wren]N,an-ti-ri₂-gu₇{mušen},,,Q000041,485,Q000041,altirigu[wren]N
Q000041.486,464,kirkir[bird]N,{ŋeš}kiri₆-{ŋeš}kiri₆{mušen},,,Q000041,486,Q000041,kirkir[bird]N
Q000041.487,465,dubdubu[bird]N,dub₂-dub₂-bu{mušen},,,Q000041,487,Q000041,dubdubu[bird]N
Q000041.488,466,ŋešbur[wasp]N,ŋeš₂-bur₃{mušen},,,Q000041,488,Q000041,ŋešbur[wasp]N
Q000041.489,467,esig[bird]N,e-sig{mušen},,,Q000041,489,Q000041,esig[bird]N
Q000041.490,468,lilibisig[stork]N,lib-lib-bi-sig{mušen},,,Q000041,490,Q000041,lilibisig[stork]N
Q000041.491,469,giriššitana[bird]N,giriš-šita₃-na{mušen},,,Q000041,491,Q000041,giriššitana[bird]N
Q000041.492,470,ganu[bird]N,ga-nu₁₁{mušen},,,Q000041,492,Q000041,ganu[bird]N
Q000041.493,471,nunuz[egg]N ganu[bird]N,nunuz ga-nu₁₁{mušen},,,Q000041,493,Q000041,nunuz[egg]N_ganu[bird]N
Q000041.494,472,amar[young]N ganu[bird]N,amar ga-nu₁₁{mušen},,,Q000041,494,Q000041,amar[young]N_ganu[bird]N
Q000041.495,473,gakid[bird]N,ga-kid{mušen},,,Q000041,495,Q000041,gakid[bird]N
Q000041.496,474,tigidlu[bird]N,ti-gi₄-lu{mušen},,,Q000041,496,Q000041,tigidlu[bird]N
Q000041.497,475,ŋirpap[bird]N,ŋir₃-pap{mušen},,,Q000041,497,Q000041,ŋirpap[bird]N
Q000041.498,476,ŋirmul[bird]N,ŋir₃-mul{mušen},,,Q000041,498,Q000041,ŋirmul[bird]N
Q000041.499,477,ŋirbabbar[bird]N,ŋir₃-babbar{mušen},,,Q000041,499,Q000041,ŋirbabbar[bird]N
Q000041.500,478,kirbabbar[bird]N,kir₄-babbar{mušen},,,Q000041,500,Q000041,kirbabbar[bird]N
Q000041.501,479,haya[peacock]N,{d}ha-ia₃{mušen},,,Q000041,501,Q000041,haya[peacock]N
Q000041.502,480,kurgi[goose]N,kur-gi₄{mušen},,,Q000041,502,Q000041,kurgi[goose]N
Q000041.503,481,kurgi[goose]N šu[hand]N ur[drag]V/t,kur-gi₄ šu ur₃-ra{mušen},,,Q000041,503,Q000041,kurgi[goose]N_šu[hand]N_ur[drag]V/t
Q000041.504,482,um[bird]N,um{mušen},,,Q000041,504,Q000041,um[bird]N
Q000041.505,482a,umgidu[bird]N,um-gi-du₃{mušen},,,Q000041,505,Q000041,umgidu[bird]N
Q000041.506,483,usim[bird]N,u₅-sim{mušen},,,Q000041,506,Q000041,usim[bird]N
Q000041.507,484,uhur[bird]N,u₅-hur{mušen},,,Q000041,507,Q000041,uhur[bird]N
Q000041.508,485,udar[bird]N,u₅-dar{mušen},,,Q000041,508,Q000041,udar[bird]N
Q000041.509,486,utum[bird]N,u₅-tum₁₂{mušen},,,Q000041,509,Q000041,utum[bird]N
Q000041.510,487,arabu[bird]N,a₁₂-ra₂-bu{mušen},,,Q000041,510,Q000041,arabu[bird]N
Q000041.511,488,aramin[bird]N,a₁₂-ra₂-min₃{mušen},,,Q000041,511,Q000041,aramin[bird]N
Q000041.512,489,tum[dove]N,tum₁₂{mušen},,,Q000041,512,Q000041,tum[dove]N
Q000041.513,490,tumgur[bird]N,tum₁₂-gur₄{mušen},,,Q000041,513,Q000041,tumgur[bird]N
Q000041.514,491,tumibi[bird]N,tum₁₂-i-bi₂{mušen},,,Q000041,514,Q000041,tumibi[bird]N
Q000041.515,492,irsaŋ[pigeon]N,ir₇-saŋ{mušen},,,Q000041,515,Q000041,irsaŋ[pigeon]N
Q000041.516,493,amarsaŋ[dove]N,amar-saŋ{mušen},,,Q000041,516,Q000041,amarsaŋ[dove]N
Q000041.517,494,sudin[bat]N,su-din{mušen},,,Q000041,517,Q000041,sudin[bat]N
Q000041.518,495,arkab[bat]N,arkab(|LAGAR.IB|){mušen},,,Q000041,518,Q000041,arkab[bat]N
Q000041.519,496,girgilum[bird]N,kir₄-gi₄-lu{mušen},,,Q000041,519,Q000041,girgilum[bird]N
Q000041.520,497,arak[bird]N,a-ra-ak{mušen},,,Q000041,520,Q000041,arak[bird]N
Q000041.521,498,bizazagubalaŋdikargirzana[bird]N,bil₂-za-za-gu₃-balaŋ-ŋa₂-kar-gir₅-za-na{mušen},,,Q000041,521,Q000041,bizazagubalaŋdikargirzana[bird]N
Q000041.522,499,nunuz[egg]N mušen[bird]N,nunuz mušen,,,Q000041,522,Q000041,nunuz[egg]N_mušen[bird]N
Q000041.523,500,amar[young]N mušen[bird]N,amar mušen,,,Q000041,523,Q000041,amar[young]N_mušen[bird]N
Q000041.524,501,siki[hair]N,siki,,,Q000041,524,Q000041,siki[hair]N
Q000041.525,502,siki[hair]N zarin[low-quality]N,siki za-ri₂-in,,,Q000041,525,Q000041,siki[hair]N_zarin[low-quality]N
Q000041.526,503,siki[hair]N sag[rare]V/i,siki sag₁₀,,,Q000041,526,Q000041,siki[hair]N_sag[rare]V/i
Q000041.527,504,siki[hair]N gu[neck]N udu[sheep]N,siki gu₂ udu,,,Q000041,527,Q000041,siki[hair]N_gu[neck]N_udu[sheep]N
Q000041.528,505,siki[hair]N gubar[nape]N,siki gu₂-bar,,,Q000041,528,Q000041,siki[hair]N_gubar[nape]N
Q000041.529,505a,siki[hair]N bar[outside]V/t udu[sheep]N ug[die]V/t,siki bar udu ug₇,,,Q000041,529,Q000041,siki[hair]N_bar[outside]V/t_udu[sheep]N_ug[die]V/t
Q000041.530,506,siki[hair]N ŠID[NA]NA,siki ŠID,,,Q000041,530,Q000041,siki[hair]N_ŠID[NA]NA
Q000041.531,507,siki[hair]N šudum[warp]N,siki šudum,,,Q000041,531,Q000041,siki[hair]N_šudum[warp]N
Q000041.532,508,siki[hair]N igi[eye]N saŋ[choose]V/t,siki igi saŋ₅,,,Q000041,532,Q000041,siki[hair]N_igi[eye]N_saŋ[choose]V/t
Q000041.533,509,siki[hair]N igisaŋ[choose]V/t,siki igi-saŋ₅,,,Q000041,533,Q000041,siki[hair]N_igisaŋ[choose]V/t
Q000041.534,,,,n,line,Q000041,534,Q000041,
Q000041.535,511,siki[hair]N mug[wool]N,siki mug,,,Q000041,535,Q000041,siki[hair]N_mug[wool]N
Q000041.536,512,siki[hair]N mug[wool]N hulu[bad]V/i,siki mug hul,,,Q000041,536,Q000041,siki[hair]N_mug[wool]N_hulu[bad]V/i
Q000041.537,,,,n,line,Q000041,537,Q000041,
Q000041.538,514,siki[hair]N hi[mix]V/t,siki hi,,,Q000041,538,Q000041,siki[hair]N_hi[mix]V/t
Q000041.539,515,siki[hair]N hi[mix]V/t,siki hi,,,Q000041,539,Q000041,siki[hair]N_hi[mix]V/t
Q000041.540,516,siki[hair]N dub[knee]N ak[do]V/t,siki dub₃ ak,,,Q000041,540,Q000041,siki[hair]N_dub[knee]N_ak[do]V/t
Q000041.541,517,siki[hair]N hubuš[crush]V/t ak[do]V/t,siki hu-bu-uš ak,,,Q000041,541,Q000041,siki[hair]N_hubuš[crush]V/t_ak[do]V/t
Q000041.542,518,siki[hair]N šagsig[weft]N,siki šag₄-sig,,,Q000041,542,Q000041,siki[hair]N_šagsig[weft]N
Q000041.543,519,siki[hair]N šagsig[weft]N tab[double]V/t,siki šag₄-sig tab,,,Q000041,543,Q000041,siki[hair]N_šagsig[weft]N_tab[double]V/t
Q000041.544,520,siki[hair]N šagsig[weft]N NU[spin]V/t,siki šag₄-sig nu-nu,,,Q000041,544,Q000041,siki[hair]N_šagsig[weft]N_NU[spin]V/t
Q000041.545,521,siki[hair]N gal[big]V/i,siki gu-la,,,Q000041,545,Q000041,siki[hair]N_gal[big]V/i
Q000041.546,522,siki[hair]N gal[big]V/i,siki gu-la,,,Q000041,546,Q000041,siki[hair]N_gal[big]V/i
Q000041.547,523,siki[hair]N bar[outside]V/t gal[big]V/i,siki bar gu-la,,,Q000041,547,Q000041,siki[hair]N_bar[outside]V/t_gal[big]V/i
Q000041.548,524,siki[hair]N gu[cord]N kešed[bind]V/t,siki gu keš₂,,,Q000041,548,Q000041,siki[hair]N_gu[cord]N_kešed[bind]V/t
Q000041.549,525,siki[hair]N gu[cord]N kešed[bind]V/t tab[double]V/t,siki gu keš₂ tab,,,Q000041,549,Q000041,siki[hair]N_gu[cord]N_kešed[bind]V/t_tab[double]V/t
Q000041.550,526,siki[hair]N tahhum[replacement]N,siki tah-hu-um,,,Q000041,550,Q000041,siki[hair]N_tahhum[replacement]N
Q000041.551,527,siki[hair]N kur[mountain]N,siki kur,,,Q000041,551,Q000041,siki[hair]N_kur[mountain]N
Q000041.552,528,siki[hair]N MAR.TU[westerner]N,siki MAR-TU,,,Q000041,552,Q000041,siki[hair]N_MAR.TU[westerner]N
Q000041.553,529,siki[hair]N Uri[Akkad]GN,siki uri,,,Q000041,553,Q000041,siki[hair]N_Uri[Akkad]GN
Q000041.554,530,siki[hair]N Subir[1]GN,siki su-bir₄{ki},,,Q000041,554,Q000041,siki[hair]N_Subir[1]GN
Q000041.555,531,siki[hair]N sam[price]N,siki sam₂,,,Q000041,555,Q000041,siki[hair]N_sam[price]N
Q000041.556,532,siki[hair]N šakanka[market]N,siki šakanka(|KI.LAM|),,,Q000041,556,Q000041,siki[hair]N_šakanka[market]N
Q000041.557,533,siki[hair]N ŠID-x[NA]NA,siki ŠID-x,,,Q000041,557,Q000041,siki[hair]N_ŠID-x[NA]NA
Q000041.558,534,siki[hair]N x[NA]NA,siki x,,,Q000041,558,Q000041,siki[hair]N_x[NA]NA
Q000041.559,535,siki[hair]N x[NA]NA,siki x,,,Q000041,559,Q000041,siki[hair]N_x[NA]NA
Q000041.560,,,,n,line,Q000041,560,Q000041,
Q000041.561,538,tug[textile]N,tug₂,,,Q000041,561,Q000041,tug[textile]N
Q000041.562,539,šutur[garment]N,{tug₂}šutur,,,Q000041,562,Q000041,šutur[garment]N
Q000041.563,540,tug[textile]N dun[warp]V/t,tug₂ dun-dun,,,Q000041,563,Q000041,tug[textile]N_dun[warp]V/t
Q000041.564,541,tug[textile]N tuku[beat]V/t,tug₂ tag-tag,,,Q000041,564,Q000041,tug[textile]N_tuku[beat]V/t
Q000041.565,542,tug[textile]N ib[hips]N peš[thick]V/i,tug₂ ib₂ peš,,,Q000041,565,Q000041,tug[textile]N_ib[hips]N_peš[thick]V/i
Q000041.566,543,tug[textile]N x[NA]NA x[NA]NA,tug₂ x x,,,Q000041,566,Q000041,tug[textile]N_x[NA]NA_x[NA]NA
Q000041.567,,,,n,line,Q000041,567,Q000041,
Q000041.568,548,tug[textile]N šu[hand]N kud[cut]V/t,tug₂ šu kud,,,Q000041,568,Q000041,tug[textile]N_šu[hand]N_kud[cut]V/t
Q000041.569,549,tug[textile]N pa[branch]N kud[cut]V/t,tug₂ pa kud,,,Q000041,569,Q000041,tug[textile]N_pa[branch]N_kud[cut]V/t
Q000041.570,549a,tug[textile]N ur[drag]V/t,tug₂ ur₃-ur₃-ra,,,Q000041,570,Q000041,tug[textile]N_ur[drag]V/t
Q000041.571,549b,tug[textile]N bir[shred]V/t,tug₂ bir₇-bir₇,,,Q000041,571,Q000041,tug[textile]N_bir[shred]V/t
Q000041.572,549c,tug[textile]N kal[rare]V/i,tug₂ kal-kal,,,Q000041,572,Q000041,tug[textile]N_kal[rare]V/i
Q000041.573,549d,tug[textile]N dun[warp]V/t,tug₂ dun,,,Q000041,573,Q000041,tug[textile]N_dun[warp]V/t
Q000041.574,550,tug[textile]N dala[thorn]N ur[drag]V/t,tug₂ {ŋeš}dala₂ ur₃,,,Q000041,574,Q000041,tug[textile]N_dala[thorn]N_ur[drag]V/t
Q000041.575,550a,tug[textile]N šukur(|IGI.KAK|){+gur₈}-ra[NA]NA,tug₂ šukur(|IGI.KAK|){+gur₈}-ra,,,Q000041,575,Q000041,tug[textile]N_šukur(|IGI.KAK|){+gur₈}-ra[NA]NA
Q000041.576,551,tug[textile]N barsig[teasel]N ur[drag]V/t,tug₂ bar-DUN ur₃,,,Q000041,576,Q000041,tug[textile]N_barsig[teasel]N_ur[drag]V/t
Q000041.577,552,tug[textile]N kišig[acacia]N ur[drag]V/t,tug₂ {ŋeš}kišig ur₃,,,Q000041,577,Q000041,tug[textile]N_kišig[acacia]N_ur[drag]V/t
Q000041.578,553,tun[lip]N,{tug₂}tun₃,,,Q000041,578,Q000041,tun[lip]N
Q000041.579,554,tun[lip]N gi₄[NA]NA,{tug₂}tun₃ gi₄,,,Q000041,579,Q000041,tun[lip]N_gi₄[NA]NA
Q000041.580,555,tun[lip]N bur[spread]V/t,{tug₂}tun₃ bur₂-bur₂,,,Q000041,580,Q000041,tun[lip]N_bur[spread]V/t
Q000041.581,556,tun[lip]N sur[spin]V/t,{tug₂}tun₃ sur,,,Q000041,581,Q000041,tun[lip]N_sur[spin]V/t
Q000041.582,557,tug₂[NA]NA zi-x[NA]NA tuku[NA]NA,tug₂ zi-x tuku,,,Q000041,582,Q000041,tug₂[NA]NA_zi-x[NA]NA_tuku[NA]NA
Q000041.583,558,tug[textile]N dug[speak]V/t,tug₂ dug₄,,,Q000041,583,Q000041,tug[textile]N_dug[speak]V/t
Q000041.584,559,tug[textile]N a[water]N gi[turn]V/i,tug₂ a gi₄,,,Q000041,584,Q000041,tug[textile]N_a[water]N_gi[turn]V/i
Q000041.585,560,tug[textile]N sa[sinew]N gi[turn]V/i,tug₂ sa gi₄,,,Q000041,585,Q000041,tug[textile]N_sa[sinew]N_gi[turn]V/i
Q000041.586,561,niŋlam[garment]N,{tug₂}niŋ₂-lam₂,,,Q000041,586,Q000041,niŋlam[garment]N
Q000041.587,562,niŋlam[garment]N huš[reddish]V/i,{tug₂}niŋ₂-lam₂ huš,,,Q000041,587,Q000041,niŋlam[garment]N_huš[reddish]V/i
Q000041.588,563,niŋlam[garment]N us[follow]V/t zulumhi[sheep]N,{tug₂}niŋ₂-lam₂ us₂ suluhu₃,,,Q000041,588,Q000041,niŋlam[garment]N_us[follow]V/t_zulumhi[sheep]N
Q000041.589,564,niŋlam[garment]N šu₂[NA]NA zulumhi[sheep]N ŋeštug[ear]N lugal[king]N,{tug₂}niŋ₂-lam₂ šu₂ suluhu₃ ŋeštug₂ lugal,,,Q000041,589,Q000041,niŋlam[garment]N_šu₂[NA]NA_zulumhi[sheep]N_ŋeštug[ear]N_lugal[king]N
Q000041.590,565,niŋlam[garment]N Elam[1]GN,{tug₂}niŋ₂-lam₂ elam-ma,,,Q000041,590,Q000041,niŋlam[garment]N_Elam[1]GN
Q000041.591,566,niŋlam[garment]N munus[woman]N kar[harbor]N,{tug₂}niŋ₂-lam₂ munus kar,,,Q000041,591,Q000041,niŋlam[garment]N_munus[woman]N_kar[harbor]N
Q000041.592,567,niŋlam[garment]N mu-x[NA]NA,{tug₂}niŋ₂-lam₂ mu-x,,,Q000041,592,Q000041,niŋlam[garment]N_mu-x[NA]NA
Q000041.593,568,šilibka[garment]N,{tug₂}ši-li-ib-ka,,,Q000041,593,Q000041,šilibka[garment]N
Q000041.594,569,bardul[garment]N,{tug₂}bar-dul₅,,,Q000041,594,Q000041,bardul[garment]N
Q000041.595,570,bardul[garment]N huš[reddish]V/i,{tug₂}bar-dul₅ huš,,,Q000041,595,Q000041,bardul[garment]N_huš[reddish]V/i
Q000041.596,571,bardul[garment]N šu[hand]N ur[pluck]V/t,{tug₂}bar-dul₅ šu ur₄,,,Q000041,596,Q000041,bardul[garment]N_šu[hand]N_ur[pluck]V/t
Q000041.597,572,mura[garment]N,{tug₂}mu-ra,,,Q000041,597,Q000041,mura[garment]N
Q000041.598,573,tugmudura[mourning-garment]N,tug₂-mu-dur₇-ra,,,Q000041,598,Q000041,tugmudura[mourning-garment]N
Q000041.599,574,tug[textile]N a[water]N tu[cvve]V/t,tug₂ a tu₅,,,Q000041,599,Q000041,tug[textile]N_a[water]N_tu[cvve]V/t
Q000041.600,574a,tug₂-x[NA]NA KIN[NA]NA,tug₂-x KIN,,,Q000041,600,Q000041,tug₂-x[NA]NA_KIN[NA]NA
Q000041.601,575,tug[textile]N lu[person]N guz[tufted]V/i x[NA]NA,tug₂ lu₂ guz x,,,Q000041,601,Q000041,tug[textile]N_lu[person]N_guz[tufted]V/i_x[NA]NA
Q000041.602,576,tug[textile]N lu₂-tun₃-tun₃[NA]NA,tug₂ lu₂-tun₃-tun₃,,,Q000041,602,Q000041,tug[textile]N_lu₂-tun₃-tun₃[NA]NA
Q000041.603,577,tug[textile]N im[clay]N su[red]V/i,tug₂ im su₄,,,Q000041,603,Q000041,tug[textile]N_im[clay]N_su[red]V/i
Q000041.604,578,tug[textile]N imbabbar[gypsum]N,tug₂ im-babbar₂,,,Q000041,604,Q000041,tug[textile]N_imbabbar[gypsum]N
Q000041.605,579,tugguza[textile]N,tug₂-guz-za,,,Q000041,605,Q000041,tugguza[textile]N
Q000041.606,580,tugguza[textile]N tab[double]V/t,tug₂-guz-za tab,,,Q000041,606,Q000041,tugguza[textile]N_tab[double]V/t
Q000041.607,581,tugguza[textile]N dugud[heavy]V/i,tug₂-guz-za dugud,,,Q000041,607,Q000041,tugguza[textile]N_dugud[heavy]V/i
Q000041.608,582,pala[garment]N,{tug₂}pala,,,Q000041,608,Q000041,pala[garment]N
Q000041.609,583,pala[garment]N,{tug₂}pala₂,,,Q000041,609,Q000041,pala[garment]N
Q000041.610,584,pala[garment]N,{tug₂}pala₃,,,Q000041,610,Q000041,pala[garment]N
Q000041.611,585,aguhum[clothing]N,{tug₂}a₂-gu-hu-um,,,Q000041,611,Q000041,aguhum[clothing]N
Q000041.612,586,dakirum[unmng]N,{tug₂}ta-ki-ru-um,,,Q000041,612,Q000041,dakirum[unmng]N
Q000041.613,587,aktum[garment]N,{tug₂}aktum,,,Q000041,613,Q000041,aktum[garment]N
Q000041.614,588,aktum[garment]N sag[rare]V/i,{tug₂}aktum sag₁₀,,,Q000041,614,Q000041,aktum[garment]N_sag[rare]V/i
Q000041.615,589,tubatum[garment]N,{tug₂}tu-ba-tum,,,Q000041,615,Q000041,tubatum[garment]N
Q000041.616,590,tu.ba.tum.KU.za[garment]N,{tug₂}tu-ba-tum-KU-za,,,Q000041,616,Q000041,tu.ba.tum.KU.za[garment]N
Q000041.617,591,niŋdara[rag]N,{tug₂}nig₂-dara₂,,,Q000041,617,Q000041,niŋdara[rag]N
Q000041.618,592,niŋuš[bandage]N,{tug₂}niŋ₂-uš₂,,,Q000041,618,Q000041,niŋuš[bandage]N
Q000041.619,593,niŋŋeš[loincloth]N,{tug₂}niŋ₂-ŋeš₃,,,Q000041,619,Q000041,niŋŋeš[loincloth]N
Q000041.620,594,niŋgur[bandage]N,{tug₂}niŋ₂-gur₇,,,Q000041,620,Q000041,niŋgur[bandage]N
Q000041.621,595,niŋ₂.du₈.GIŠ.ga[garment]N,{tug₂}niŋ₂-du₈-GIŠ-ga,,,Q000041,621,Q000041,niŋ₂.du₈.GIŠ.ga[garment]N
Q000041.622,596,tug[textile]N niŋba[gift]N,tug₂ niŋ₂-ba,,,Q000041,622,Q000041,tug[textile]N_niŋba[gift]N
Q000041.623,597,niŋla[clothing]N,{tug₂}niŋ₂-la₂,,,Q000041,623,Q000041,niŋla[clothing]N
Q000041.624,598,barsig[garment]N,{tug₂}bar-sig₉,,,Q000041,624,Q000041,barsig[garment]N
Q000041.625,599,barsig[garment]N gal[big]V/i,{tug₂}bar-sig₉ gal,,,Q000041,625,Q000041,barsig[garment]N_gal[big]V/i
Q000041.626,600,barsig[garment]N huš[reddish]V/i,{tug₂}bar-sig₉ huš,,,Q000041,626,Q000041,barsig[garment]N_huš[reddish]V/i
Q000041.627,601,barsig[garment]N šudum[warp]N,{tug₂}bar-sig₉ šudum,,,Q000041,627,Q000041,barsig[garment]N_šudum[warp]N
Q000041.628,601a,barsigsig[garment]N,{tug₂}bar-si-sig,,,Q000041,628,Q000041,barsigsig[garment]N
Q000041.629,602,barsig[garment]N šu[hand]N du[spread]V/t,{tug₂}bar-sig₉ šu du₈,,,Q000041,629,Q000041,barsig[garment]N_šu[hand]N_du[spread]V/t
Q000041.630,603,tugdua[felt]N,tug₂-du₈-a,,,Q000041,630,Q000041,tugdua[felt]N
Q000041.631,604,tugdua[felt]N ib[hips]N,tug₂-du₈-a ib₂,,,Q000041,631,Q000041,tugdua[felt]N_ib[hips]N
Q000041.632,605,barsig[garment]N duh[loosen]V/t,{tug₂}bar-sig₉ duh,,,Q000041,632,Q000041,barsig[garment]N_duh[loosen]V/t
Q000041.633,606,saŋšu[turban]N duh[loosen]V/t,{tug₂}saŋšu duh,,,Q000041,633,Q000041,saŋšu[turban]N_duh[loosen]V/t
Q000041.634,607,saŋšu[turban]N,{tug₂}saŋšu,,,Q000041,634,Q000041,saŋšu[turban]N
Q000041.635,608,guʾe[textile]N,{tug₂}gu₂-e₃,,,Q000041,635,Q000041,guʾe[textile]N
Q000041.636,609,guʾe[textile]N dirig[exceed]V/i,{tug₂}gu₂-e₃ dirig,,,Q000041,636,Q000041,guʾe[textile]N_dirig[exceed]V/i
Q000041.637,610,guʾe[textile]N sissig[green]V/i,{tug₂}gu₂-e₃ sig₇-sig₇,,,Q000041,637,Q000041,guʾe[textile]N_sissig[green]V/i
Q000041.638,611,guʾe[textile]N gunu[speckled]V/i,{tug₂}gu₂-e₃ gun₃,,,Q000041,638,Q000041,guʾe[textile]N_gunu[speckled]V/i
Q000041.639,612,šagadu[belt]N,{tug₂}šag₄-ga-du₃,,,Q000041,639,Q000041,šagadu[belt]N
Q000041.640,613,šagadu[belt]N gada[flax]N,{tug₂}šag₄-ga-du₃ gada,,,Q000041,640,Q000041,šagadu[belt]N_gada[flax]N
Q000041.641,614,šagadu[belt]N šag₄-DU[NA]NA,{tug₂}šag₄-ga-du₃ šag₄-DU,,,Q000041,641,Q000041,šagadu[belt]N_šag₄-DU[NA]NA
Q000041.642,615,šagadu[belt]N sed[cold]V/i,{tug₂}šag₄-ga-du₃ šed₉(|A.MUŠ₃@g|),,,Q000041,642,Q000041,šagadu[belt]N_sed[cold]V/i
Q000041.643,616,ibbaru[harness]N,ib₂-ba-ru,,,Q000041,643,Q000041,ibbaru[harness]N
Q000041.644,617,antadul[cloak]N,an-ta-dul,,,Q000041,644,Q000041,antadul[cloak]N
Q000041.645,618,gada[flax]N,gada,,,Q000041,645,Q000041,gada[flax]N
Q000041.646,619,gadamah[garment]N,gada-mah,,,Q000041,646,Q000041,gadamah[garment]N
Q000041.647,620,gada[flax]N diŋir[deity]N,gada diŋir,,,Q000041,647,Q000041,gada[flax]N_diŋir[deity]N
Q000041.648,621,gada[flax]N lugal[king]N,gada lugal,,,Q000041,648,Q000041,gada[flax]N_lugal[king]N
Q000041.649,622,gada[flax]N andul[shade]N,gada an-dul₃,,,Q000041,649,Q000041,gada[flax]N_andul[shade]N
Q000041.650,623,gada[flax]N antadul[cloak]N,gada an-ta-dul,,,Q000041,650,Q000041,gada[flax]N_antadul[cloak]N
Q000041.651,624,gada[flax]N tuše[unmng]N,gada tuše,,,Q000041,651,Q000041,gada[flax]N_tuše[unmng]N
Q000041.652,625,gada[flax]N tuše[unmng]N diŋir[deity]N,gada tuše diŋir,,,Q000041,652,Q000041,gada[flax]N_tuše[unmng]N_diŋir[deity]N
Q000041.653,626,tuše[unmng]N lugal[king]N,tuše lugal,,,Q000041,653,Q000041,tuše[unmng]N_lugal[king]N
Q000041.654,627,Nisaba[1]DN zamin[lyre]N,{d}nisaba za₃-mi₂,,,Q000041,654,Q000041,Nisaba[1]DN_zamin[lyre]N
