id_line,label,lemma,base,id_text,line,skip,entry
Q000039.1,1,taškarin[boxwood]N,{ŋeš}taškarin,Q000039,1,0,taškarin[boxwood]N
Q000039.2,2,esi[tree]N,{ŋeš}esi,Q000039,2,0,esi[tree]N
Q000039.3,3,ŋešnu[tree]N,ŋeš-nu₁₁,Q000039,3,0,ŋešnu[tree]N
Q000039.4,4,halub[tree]N,{ŋeš}ha-lu-ub₂,Q000039,4,0,halub[tree]N
Q000039.5,5,šagkal[tree]N,{ŋeš}šag₄-kal,Q000039,5,0,šagkal[tree]N
Q000039.6,6,ŋešgana[tree]N,ŋeš-kin₂,Q000039,6,0,ŋešgana[tree]N
Q000039.7,6a,ŋešgana[tree]N babbar[white]V/i,ŋeš-kin₂ babbar,Q000039,7,0,ŋešgana[tree]N_babbar[white]V/i
Q000039.8,6b,ŋešgana[tree]N giggi[black]V/i,ŋeš-kin₂ giggi,Q000039,8,0,ŋešgana[tree]N_giggi[black]V/i
Q000039.9,7,ŋeš[tree]N giggi[black]V/i,ŋeš giggi,Q000039,9,0,ŋeš[tree]N_giggi[black]V/i
Q000039.10,8,ŋeštin[vine]N,{ŋeš}ŋeštin,Q000039,10,0,ŋeštin[vine]N
Q000039.11,9,ŋeštinkira[berry]N,{ŋeš}ŋeštin-kir₄,Q000039,11,0,ŋeštinkira[berry]N
Q000039.12,10,ŋeštinkaʾa[grape]N,{ŋeš}ŋeštin-ka₅-a,Q000039,12,0,ŋeštinkaʾa[grape]N
Q000039.13,11,ŋeštinguruma[~vine]N,{ŋeš}ŋeštin-gurum-ma,Q000039,13,0,ŋeštinguruma[~vine]N
Q000039.14,12,peš[fig]N,{ŋeš}peš₃,Q000039,14,0,peš[fig]N
Q000039.15,13,hašhur[apple]N,{ŋeš}hašhur,Q000039,15,0,hašhur[apple]N
Q000039.16,14,hašhur[apple]N kur[mountain]N,{ŋeš}hašhur kur,Q000039,16,0,hašhur[apple]N_kur[mountain]N
Q000039.17,15,šedug[tree]N,{ŋeš}še-dug₃,Q000039,17,0,šedug[tree]N
Q000039.18,16,šenu[tree]N,{ŋeš}še-nu,Q000039,18,0,šenu[tree]N
Q000039.19,17,šeše[tree]N,{ŋeš}še-še,Q000039,19,0,šeše[tree]N
Q000039.20,18,šinig[tamarisk]N,{ŋeš}šinig,Q000039,20,0,šinig[tamarisk]N
Q000039.21,19,šinig[tamarisk]N dili[single]V/i,{ŋeš}šinig dili,Q000039,21,0,šinig[tamarisk]N_dili[single]V/i
Q000039.22,20,šinig[tamarisk]N kur[mountain]N,{ŋeš}šinig kur,Q000039,22,0,šinig[tamarisk]N_kur[mountain]N
Q000039.23,21,šaršabid[tree]N,{ŋeš}šarₓ(NE)-ša₄-bid₃,Q000039,23,0,šaršabid[tree]N
Q000039.24,22,mes[tree]N šaršabid[tree]N,{ŋeš}mes šarₓ(NE)-ša₄-bid₃,Q000039,24,0,mes[tree]N_šaršabid[tree]N
Q000039.25,23,lam[tree]N,{ŋeš}lam,Q000039,25,0,lam[tree]N
Q000039.26,24,eš[tree]N,{ŋeš}eš₂₂,Q000039,26,0,eš[tree]N
Q000039.27,25,usuh[tree]N,{ŋeš}u₃-suh₅,Q000039,27,0,usuh[tree]N
Q000039.28,25a,usuh[tree]N tur[small]V/i,{ŋeš}u₃-suh₅ tur,Q000039,28,0,usuh[tree]N_tur[small]V/i
Q000039.29,25b,usuh[tree]N pa[branch]N kud[cut]V/t,{ŋeš}u₃-suh₅ pa kud,Q000039,29,0,usuh[tree]N_pa[branch]N_kud[cut]V/t
Q000039.30,25c,usuh[tree]N a[water]N de[pour]V/t,{ŋeš}u₃-suh₅ a de₂,Q000039,30,0,usuh[tree]N_a[water]N_de[pour]V/t
Q000039.31,26,še[cone]N usuh[tree]N,{ŋeš}še u₃-suh₅,Q000039,31,0,še[cone]N_usuh[tree]N
Q000039.32,27,pa[branch]N usuh[tree]N,{ŋeš}pa u₃-suh₅,Q000039,32,0,pa[branch]N_usuh[tree]N
Q000039.33,27a,an[sky]N usuh[tree]N,{ŋeš}an u₃-suh₅,Q000039,33,0,an[sky]N_usuh[tree]N
Q000039.34,28,bir.GAM.la.e[tree]N,{ŋeš}bir-GAM-mes-E,Q000039,34,0,bir.GAM.la.e[tree]N
Q000039.35,29,šimgig[tree]N,{ŋeš}šim-gig,Q000039,35,0,šimgig[tree]N
Q000039.36,30,šennur[plum]N,{ŋeš}šennur,Q000039,36,0,šennur[plum]N
Q000039.37,30a,šennur[plum]N kur[mountain]N,{ŋeš}šennur kur,Q000039,37,0,šennur[plum]N_kur[mountain]N
Q000039.38,31,lamgal[nut]N,{ŋeš}lam-gal,Q000039,38,0,lamgal[nut]N
Q000039.39,32,lamtur[nut]N,{ŋeš}lam-tur,Q000039,39,0,lamtur[nut]N
Q000039.40,33,allanum[oak]N,{ŋeš}al-la-nu-um,Q000039,40,0,allanum[oak]N
Q000039.41,34,ildag[poplar]N,{ŋeš}ildag₂,Q000039,41,0,ildag[poplar]N
Q000039.42,35,ildag[poplar]N kur[mountain]N,{ŋeš}ildag₂ kur,Q000039,42,0,ildag[poplar]N_kur[mountain]N
Q000039.43,36,ildag[poplar]N bur[spread]V/t,{ŋeš}ildag₂ bur-ra,Q000039,43,0,ildag[poplar]N_bur[spread]V/t
Q000039.44,37,ildag[poplar]N šitan[water-channel]N,{ŋeš}ildag₂ šita₃,Q000039,44,0,ildag[poplar]N_šitan[water-channel]N
Q000039.45,38,kur[wood]N,{ŋeš}kur,Q000039,45,0,kur[wood]N
Q000039.46,39,ŋešaʾabak[tree]N,ŋeš-ab-ba,Q000039,46,0,ŋešaʾabak[tree]N
Q000039.47,40,ŋešaʾabak[tree]N Meluhha[1]GN,ŋeš-ab-ba me-luh-ha,Q000039,47,0,ŋešaʾabak[tree]N_Meluhha[1]GN
Q000039.48,41,ŋipar[tree]N,{ŋeš}ŋi₆-par₄,Q000039,48,0,ŋipar[tree]N
Q000039.49,42,manu[wood]N,{ŋeš}ma-nu,Q000039,49,0,manu[wood]N
Q000039.50,43,manu[wood]N šu[hand]N ak[do]V/t,{ŋeš}ma-nu šu ak,Q000039,50,0,manu[wood]N_šu[hand]N_ak[do]V/t
Q000039.51,44,manu[wood]N gibil[firewood]N ak[do]V/t,{ŋeš}ma-nu gibil₂ ak,Q000039,51,0,manu[wood]N_gibil[firewood]N_ak[do]V/t
Q000039.52,44a,manu[wood]N kal[rare]V/i,{ŋeš}ma-nu kal,Q000039,52,0,manu[wood]N_kal[rare]V/i
Q000039.53,45,nurma[pomegranate]N,{ŋeš}nu-ur₂-ma,Q000039,53,0,nurma[pomegranate]N
Q000039.54,46,KID.da[twig]N,{ŋeš}KID-da,Q000039,54,0,KID.da[twig]N
Q000039.55,47,KID.da[twig]N,{ŋeš}KID-da,Q000039,55,0,KID.da[twig]N
Q000039.56,48,KID.da[twig]N sil[split]V/i,{ŋeš}KID-da zil,Q000039,56,0,KID.da[twig]N_sil[split]V/i
Q000039.57,49,mes[tree]N,{ŋeš}mes,Q000039,57,0,mes[tree]N
Q000039.58,50,mes[tree]N Magan[1]GN,{ŋeš}mes ma₂-gan-na,Q000039,58,0,mes[tree]N_Magan[1]GN
Q000039.59,51,mes[tree]N Meluhha[1]GN,{ŋeš}mes me-luh-ha,Q000039,59,0,mes[tree]N_Meluhha[1]GN
Q000039.60,51a,mes[tree]N al₂[NA]NA,{ŋeš}mes al₂,Q000039,60,0,mes[tree]N_al₂[NA]NA
Q000039.61,51b,mes.TU[tree]N,{ŋeš}mes-TU,Q000039,61,0,mes.TU[tree]N
Q000039.62,51c,mes[tree]N ki[place]N ŋar[place]V/t,{ŋeš}mes ki ŋar,Q000039,62,0,mes[tree]N_ki[place]N_ŋar[place]V/t
Q000039.63,51d,mes[tree]N halub[tree]N harran[route]N,{ŋeš}mes ha-lu-ub₂ har-ra-an,Q000039,63,0,mes[tree]N_halub[tree]N_harran[route]N
Q000039.64,51e,mes[tree]N giggi[black]V/i,{ŋeš}mes giggi,Q000039,64,0,mes[tree]N_giggi[black]V/i
Q000039.65,52,eren[cedar]N,{ŋeš}eren,Q000039,65,0,eren[cedar]N
Q000039.66,52a,mud[blood]N eren[cedar]N,{ŋeš}mud₂ eren,Q000039,66,0,mud[blood]N_eren[cedar]N
Q000039.67,52b,pa[branch]N eren[cedar]N,{ŋeš}pa eren,Q000039,67,0,pa[branch]N_eren[cedar]N
Q000039.68,52c,{ŋeš}UDU-HI-A[NA]NA,{ŋeš}UDU-HI-A,Q000039,68,0,{ŋeš}UDU-HI-A[NA]NA
Q000039.69,52d,asal[poplar]N,{ŋeš}asalₓ(|A.TU.GABA.SIG.GAR|),Q000039,69,0,asal[poplar]N
Q000039.70,53,šurmen[cypress]N,{ŋeš}šu-ur₂-min₃,Q000039,70,0,šurmen[cypress]N
Q000039.71,54,zabalum[juniper]N,{ŋeš}za-ba-lum,Q000039,71,0,zabalum[juniper]N
Q000039.72,55,elammakum[tree]N,{ŋeš}e-la-ma-kum,Q000039,72,0,elammakum[tree]N
Q000039.73,56,girim[flower]N,{ŋeš}gi-ri₂-num₂,Q000039,73,0,girim[flower]N
Q000039.74,57,girim[flower]N,{ŋeš}gi-rim,Q000039,74,0,girim[flower]N
Q000039.75,58,zirdum[olive]N,{ŋeš}zi-ir-dum,Q000039,75,0,zirdum[olive]N
Q000039.76,59,urnum[cedar]N,{ŋeš}ur-nu-um,Q000039,76,0,urnum[cedar]N
Q000039.77,60,tiʾarum[tree]N,{ŋeš}ti-a-ru-um,Q000039,77,0,tiʾarum[tree]N
Q000039.78,61,ilianum[tree]N,{ŋeš}ri₂-a-num₂,Q000039,78,0,ilianum[tree]N
Q000039.79,62,urzinum[tree]N,{ŋeš}ur-zi-num₂,Q000039,79,0,urzinum[tree]N
Q000039.80,63,mirišŋara[tree]N,{ŋeš}mi-ri₂-iš-ŋar-ra,Q000039,80,0,mirišŋara[tree]N
Q000039.81,64,isimu[sprout]N,{ŋeš}isimu₃{+mu₂},Q000039,81,0,isimu[sprout]N
Q000039.82,64a,ŋeš[tree]N gibil[sprout]N,ŋeš gibil,Q000039,82,0,ŋeš[tree]N_gibil[sprout]N
Q000039.83,65,ŋešnimbar[palm]N,{ŋeš}ŋešnimbar,Q000039,83,0,ŋešnimbar[palm]N
Q000039.84,66,ŋešnimbar[palm]N suhuš[offshoot]N,{ŋeš}ŋešnimbar suhušₓ(TUR),Q000039,84,0,ŋešnimbar[palm]N_suhuš[offshoot]N
Q000039.85,67,ŋešnimbar[palm]N kur[mountain]N,{ŋeš}ŋešnimbar kur,Q000039,85,0,ŋešnimbar[palm]N_kur[mountain]N
Q000039.86,68,ŋešnimbar[palm]N Dilmun[1]GN,{ŋeš}ŋešnimbar dilmun-na,Q000039,86,0,ŋešnimbar[palm]N_Dilmun[1]GN
Q000039.87,69,ŋešnimbar[palm]N dar[split]V/t,{ŋeš}ŋešnimbar dar,Q000039,87,0,ŋešnimbar[palm]N_dar[split]V/t
Q000039.88,70,ŋešnimbar[palm]N kud[cut]V/t,{ŋeš}ŋešnimbar kud,Q000039,88,0,ŋešnimbar[palm]N_kud[cut]V/t
Q000039.89,71,ŋešnimbar[palm]N šab[cut]V/t,{ŋeš}ŋešnimbar šab,Q000039,89,0,ŋešnimbar[palm]N_šab[cut]V/t
Q000039.90,72,ŋešnimbar[palm]N gun[load]N,{ŋeš}ŋešnimbar gun₂,Q000039,90,0,ŋešnimbar[palm]N_gun[load]N
Q000039.91,73,ŋešnimbar[palm]N lu₂.IM[criminal]N,{ŋeš}ŋešnimbar lu₂-IM,Q000039,91,0,ŋešnimbar[palm]N_lu₂.IM[criminal]N
Q000039.92,74,ŋešnimbar[palm]N lipiš[innards]N bur[tear]V/t,{ŋeš}ŋešnimbar lipiš bur₁₂,Q000039,92,0,ŋešnimbar[palm]N_lipiš[innards]N_bur[tear]V/t
Q000039.93,75,ŋešnimbar[palm]N guz[crush]V/i,{ŋeš}ŋešnimbar al-kum-ma₃,Q000039,93,0,ŋešnimbar[palm]N_guz[crush]V/i
Q000039.94,75a,ŋešnimbar[palm]N kum[hot]V/i,{ŋeš}ŋešnimbar kum₂,Q000039,94,0,ŋešnimbar[palm]N_kum[hot]V/i
Q000039.95,76,ŋešnimbar[palm]N izi[fire]N gu[eat]V/t,{ŋeš}ŋešnimbar izi gu₇,Q000039,95,0,ŋešnimbar[palm]N_izi[fire]N_gu[eat]V/t
Q000039.96,77,ŋešnimbar[palm]N eh[insect]N gu[eat]V/t,{ŋeš}ŋešnimbar eh gu₇,Q000039,96,0,ŋešnimbar[palm]N_eh[insect]N_gu[eat]V/t
Q000039.97,77a,ŋešnimbar[palm]N gighab[disease]N,{ŋeš}ŋešnimbar gig-hab₂,Q000039,97,0,ŋešnimbar[palm]N_gighab[disease]N
Q000039.98,78,ŋešnimbar[palm]N ug[die]V/t,{ŋeš}ŋešnimbar al-ug₅-ga,Q000039,98,0,ŋešnimbar[palm]N_ug[die]V/t
Q000039.99,78a,ŋešnimbar[palm]N gaz[kill]V/t,{ŋeš}ŋešnimbar gaz,Q000039,99,0,ŋešnimbar[palm]N_gaz[kill]V/t
Q000039.100,79,ŋešnimbar[palm]N uš[die]V/i,{ŋeš}ŋešnimbar uš₂,Q000039,100,0,ŋešnimbar[palm]N_uš[die]V/i
Q000039.101,80,ŋešnimbar[palm]N sissig[green]V/i šeŋ[cook]V/t,{ŋeš}ŋešnimbar sig₇-sig₇ šeŋ₆,Q000039,101,0,ŋešnimbar[palm]N_sissig[green]V/i_šeŋ[cook]V/t
Q000039.102,81,šag[heart]N ŋešnimbar[palm]N,{ŋeš}šag₄ ŋešnimbar,Q000039,102,0,šag[heart]N_ŋešnimbar[palm]N
Q000039.103,82,suhur[tuft]N ŋešnimbar[palm]N,{ŋeš}suhur ŋešnimbar,Q000039,103,0,suhur[tuft]N_ŋešnimbar[palm]N
Q000039.104,83,ama[mother]N ŋešnimbar[palm]N,{ŋeš}ama ŋešnimbar,Q000039,104,0,ama[mother]N_ŋešnimbar[palm]N
Q000039.105,84,{ŋeš}KU[NA]NA kiri[orchard]N ŋešnimbar[palm]N,{ŋeš}KU {ŋeš}kiri₆ ŋešnimbar,Q000039,105,0,{ŋeš}KU[NA]NA_kiri[orchard]N_ŋešnimbar[palm]N
Q000039.106,85,{ŋeš}KU[NA]NA kiri[orchard]N x[NA]NA x[NA]NA ŋešnimbar[palm]N,{ŋeš}KU {ŋeš}kiri₆ x x ŋešnimbar,Q000039,106,0,{ŋeš}KU[NA]NA_kiri[orchard]N_x[NA]NA_x[NA]NA_ŋešnimbar[palm]N
Q000039.107,85a,aʾan[spadix]N zag[side]N ŋešnimbar[palm]N,{ŋeš}an-na zag ŋešnimbar,Q000039,107,0,aʾan[spadix]N_zag[side]N_ŋešnimbar[palm]N
Q000039.108,86,pa[branch]N ŋešnimbar[palm]N,{ŋeš}pa ŋešnimbar,Q000039,108,0,pa[branch]N_ŋešnimbar[palm]N
Q000039.109,87,pa[branch]N kud[cut]V/t ŋešnimbar[palm]N,{ŋeš}pa kud ŋešnimbar,Q000039,109,0,pa[branch]N_kud[cut]V/t_ŋešnimbar[palm]N
Q000039.110,88,dala[thorn]N ŋešnimbar[palm]N,{ŋeš}dala₂ ŋešnimbar,Q000039,110,0,dala[thorn]N_ŋešnimbar[palm]N
Q000039.111,89,mud[stump]N ŋešnimbar[palm]N,{ŋeš}mud ŋešnimbar,Q000039,111,0,mud[stump]N_ŋešnimbar[palm]N
Q000039.112,90,zena[midrib]N ŋešnimbar[palm]N,{ŋeš}ze₂-na ŋešnimbar,Q000039,112,0,zena[midrib]N_ŋešnimbar[palm]N
Q000039.113,91,su[fibers]N ŋešnimbar[palm]N,{ŋeš}su₁₁ ŋešnimbar,Q000039,113,0,su[fibers]N_ŋešnimbar[palm]N
Q000039.114,92,su[fibers]N GA₂-na[NA]NA ŋešnimbar[palm]N,{ŋeš}su₁₁ GA₂-na ŋešnimbar,Q000039,114,0,su[fibers]N_GA₂-na[NA]NA_ŋešnimbar[palm]N
Q000039.115,93,su[fibers]N gal[big]V/i ŋešnimbar[palm]N,{ŋeš}su₁₁ gu-la ŋešnimbar,Q000039,115,0,su[fibers]N_gal[big]V/i_ŋešnimbar[palm]N
Q000039.116,94,tubala[harness]N ŋešnimbar[palm]N,{ŋeš}tubaₓ(TUG₂) ŋešnimbar,Q000039,116,0,tubala[harness]N_ŋešnimbar[palm]N
Q000039.117,95,pel[defile]V/t ŋešnimbar[palm]N,{ŋeš}pi-el-la₂ ŋešnimbar,Q000039,117,0,pel[defile]V/t_ŋešnimbar[palm]N
Q000039.118,96,uluh[sapling]N ŋešnimbar[palm]N,{ŋeš}u₃-luh ŋešnimbar,Q000039,118,0,uluh[sapling]N_ŋešnimbar[palm]N
Q000039.119,97,{ŋeš}ŋa₂-li[NA]NA ŋešnimbar[palm]N,{ŋeš}ŋa₂-li ŋešnimbar,Q000039,119,0,{ŋeš}ŋa₂-li[NA]NA_ŋešnimbar[palm]N
Q000039.120,98,aʾan[spadix]N ŋešnimbar[palm]N,{ŋeš}an-na ŋešnimbar,Q000039,120,0,aʾan[spadix]N_ŋešnimbar[palm]N
Q000039.121,99,kita[basket]N ŋešnimbar[palm]N,{ŋeš}ki-ta ŋešnimbar,Q000039,121,0,kita[basket]N_ŋešnimbar[palm]N
Q000039.122,99a,kita[basket]N zulum[date]N deg[collect]V/t ŋešnimbar[palm]N,{ŋeš}ki-ta zu₂-lum degₓ(RI)-degₓ(RI) ŋešnimbar,Q000039,122,0,kita[basket]N_zulum[date]N_deg[collect]V/t_ŋešnimbar[palm]N
Q000039.123,100,niŋkiluh[broom]N ŋešnimbar[palm]N,{ŋeš}niŋ₂-ki-luh ŋešnimbar,Q000039,123,0,niŋkiluh[broom]N_ŋešnimbar[palm]N
Q000039.124,101,{ŋeš}niŋ₂-x[NA]NA ŋešnimbar[palm]N,{ŋeš}niŋ₂-x ŋešnimbar,Q000039,124,0,{ŋeš}niŋ₂-x[NA]NA_ŋešnimbar[palm]N
Q000039.125,102,peš[frond]N ŋešnimbar[palm]N,{ŋeš}peš ŋešnimbar,Q000039,125,0,peš[frond]N_ŋešnimbar[palm]N
Q000039.126,103,pešmur[~palm]N ŋešnimbar[palm]N,{ŋeš}peš-mur₇ ŋešnimbar,Q000039,126,0,pešmur[~palm]N_ŋešnimbar[palm]N
Q000039.127,104,pešbandazi[offshoot]N ŋešnimbar[palm]N,{ŋeš}peš-banda₃-zi ŋešnimbar,Q000039,127,0,pešbandazi[offshoot]N_ŋešnimbar[palm]N
Q000039.128,105,asal[poplar]N,{ŋeš}asal₂,Q000039,128,0,asal[poplar]N
Q000039.129,106,asal[poplar]N kur[mountain]N,{ŋeš}asal₂ kur,Q000039,129,0,asal[poplar]N_kur[mountain]N
Q000039.130,107,asal[poplar]N dug[good]V/i,{ŋeš}asal₂ dug₃,Q000039,130,0,asal[poplar]N_dug[good]V/i
Q000039.131,108,{ŋeš}NE[NA]NA asal[poplar]N,{ŋeš}NE asal₂,Q000039,131,0,{ŋeš}NE[NA]NA_asal[poplar]N
Q000039.132,109,numun[seed]N asal[poplar]N,{ŋeš}numun asal₂,Q000039,132,0,numun[seed]N_asal[poplar]N
Q000039.133,110,ilur[tree]N,{ŋeš}il-ur₂,Q000039,133,0,ilur[tree]N
Q000039.134,111,ad[bush]N,{ŋeš}ad₂,Q000039,134,0,ad[bush]N
Q000039.135,112,kišig[acacia]N,{ŋeš}kišig,Q000039,135,0,kišig[acacia]N
Q000039.136,113,kišighar[tree]N,{ŋeš}kišig-har,Q000039,136,0,kišighar[tree]N
Q000039.137,114,kišighar[tree]N kur[mountain]N,{ŋeš}kišig-har kur,Q000039,137,0,kišighar[tree]N_kur[mountain]N
Q000039.138,115,samana[tree]N,{ŋeš}sa-ma-na₂,Q000039,138,0,samana[tree]N
Q000039.139,116,samazum[tree]N,{ŋeš}sa-ma-zum,Q000039,139,0,samazum[tree]N
Q000039.140,117,peškal[tree]N,{ŋeš}peš₇-kal,Q000039,140,0,peškal[tree]N
Q000039.141,118,ŠU.KAL[tree]N,{ŋeš}|ŠU.KAL|,Q000039,141,0,ŠU.KAL[tree]N
Q000039.142,119,šudiba[tree]N,{ŋeš}šu-dib-ba,Q000039,142,0,šudiba[tree]N
Q000039.143,120,ŠU.KAL[tree]N,{ŋeš}|ŠU.KAL|,Q000039,143,0,ŠU.KAL[tree]N
Q000039.144,121,šušum[licorice]N,{ŋeš}šušin,Q000039,144,0,šušum[licorice]N
Q000039.145,122,šiqdum[almond]N,{ŋeš}ši-iq-dum,Q000039,145,0,šiqdum[almond]N
Q000039.146,123,zarsi[plant]N,{ŋeš}zar-si,Q000039,146,0,zarsi[plant]N
Q000039.147,124,{ŋeš}mu-TUM-da[NA]NA,{ŋeš}mu-TUM-da,Q000039,147,0,{ŋeš}mu-TUM-da[NA]NA
Q000039.148,124a,zirdum[olive]N,{ŋeš}zi₂-ir-dum,Q000039,148,0,zirdum[olive]N
Q000039.149,125,gizulumma[nettle?]N,{ŋeš}gi-zu₂-lum-ma,Q000039,149,0,gizulumma[nettle?]N
Q000039.150,126,buzunuma[plant]N,{ŋeš}bu-zu₂-num₂-ma,Q000039,150,0,buzunuma[plant]N
Q000039.151,127,tulubum[tree]N,{ŋeš}dili-bu-um,Q000039,151,0,tulubum[tree]N
Q000039.152,128,anta[tree]N,{ŋeš}an-ta,Q000039,152,0,anta[tree]N
Q000039.153,129,huš[plant]N,{ŋeš}huš,Q000039,153,0,huš[plant]N
Q000039.154,130,maš[plant]N,{ŋeš}maš,Q000039,154,0,maš[plant]N
Q000039.155,131,mašgurum[plant]N,{ŋeš}maš-gurum,Q000039,155,0,mašgurum[plant]N
Q000039.156,132,guruʾuš[tree-trunk]N,{ŋeš}guru₅-uš,Q000039,156,0,guruʾuš[tree-trunk]N
Q000039.157,133,{ŋeš}saŋ-keš₂[NA]NA,{ŋeš}saŋ-keš₂,Q000039,157,0,{ŋeš}saŋ-keš₂[NA]NA
Q000039.158,134,{ŋeš}si[NA]NA saŋ-keš₂[NA]NA,{ŋeš}si saŋ-keš₂,Q000039,158,0,{ŋeš}si[NA]NA_saŋ-keš₂[NA]NA
Q000039.159,135,arina[madder]N,{ŋeš}i-ri₉-na,Q000039,159,0,arina[madder]N
Q000039.160,136,arina[madder]N,{ŋeš}a-ri₉-na,Q000039,160,0,arina[madder]N
Q000039.161,137,gilim[foliage]N an[sky]N,{ŋeš}gilim an,Q000039,161,0,gilim[foliage]N_an[sky]N
Q000039.162,138,gilim[foliage]N abzu[water]N,{ŋeš}gilim abzu,Q000039,162,0,gilim[foliage]N_abzu[water]N
Q000039.163,139,uluh[sapling]N,{ŋeš}u₃-luh,Q000039,163,0,uluh[sapling]N
Q000039.164,140,pa[branch]N,{ŋeš}pa,Q000039,164,0,pa[branch]N
Q000039.165,141,pa[branch]N kud[cut]V/t,{ŋeš}pa kud,Q000039,165,0,pa[branch]N_kud[cut]V/t
Q000039.166,141a,buniŋ[trough]N,{ŋeš}buniŋ,Q000039,166,0,buniŋ[trough]N
Q000039.167,142,aslum[rod]N,{ŋeš}as₄-lum,Q000039,167,0,aslum[rod]N
Q000039.168,142a,{ŋeš}x-gu₂[NA]NA,{ŋeš}x-gu₂,Q000039,168,0,{ŋeš}x-gu₂[NA]NA
Q000039.169,143,{ŋeš}|LAGAB×A|-da[NA]NA,{ŋeš}|LAGAB×A|-da,Q000039,169,0,{ŋeš}|LAGAB×A|-da[NA]NA
Q000039.170,144,dibdib[waterclock]N,{ŋeš}dib-dib,Q000039,170,0,dibdib[waterclock]N
Q000039.171,145,{ŋeš}u₅[NA]NA,{ŋeš}u₅,Q000039,171,0,{ŋeš}u₅[NA]NA
Q000039.172,145a,ŋešgana[pestle]N,ŋeš-gana,Q000039,172,0,ŋešgana[pestle]N
Q000039.173,145b,{ŋeš}kal-la-bi[NA]NA,{ŋeš}kal-la-bi,Q000039,173,0,{ŋeš}kal-la-bi[NA]NA
Q000039.174,145c,{ŋeš}x-bi[NA]NA,{ŋeš}x-bi,Q000039,174,0,{ŋeš}x-bi[NA]NA
Q000039.175,145d,{ŋeš}GU₇[NA]NA,{ŋeš}GU₇,Q000039,175,0,{ŋeš}GU₇[NA]NA
Q000039.176,146,{ŋeš}{d}ha-ia₃[NA]NA,{ŋeš}{d}ha-ia₃,Q000039,176,0,{ŋeš}{d}ha-ia₃[NA]NA
Q000039.177,147,ŋešdubdim[tool]N,ŋeš-dub-dim₂,Q000039,177,0,ŋešdubdim[tool]N
Q000039.178,148,sumungi[tool]N,{ŋeš}sumun-gi₄,Q000039,178,0,sumungi[tool]N
Q000039.179,149,tibala[sign]N,{ŋeš}ti-bala,Q000039,179,0,tibala[sign]N
Q000039.180,150,ŋeššudumak[tally]N,ŋeš-šudum-ma,Q000039,180,0,ŋeššudumak[tally]N
Q000039.181,151,tun[container]N,{ŋeš}tun₃,Q000039,181,0,tun[container]N
Q000039.182,152,ba[tool]N,{ŋeš}ba,Q000039,182,0,ba[tool]N
Q000039.183,152a,ba[tool]N zu[stone]N,{ŋeš}ba zu₂,Q000039,183,0,ba[tool]N_zu[stone]N
Q000039.184,153,ba[tool]N amar[young]N,{ŋeš}ba amar,Q000039,184,0,ba[tool]N_amar[young]N
Q000039.185,154,ba[tool]N še[barley]N,{ŋeš}ba še,Q000039,185,0,ba[tool]N_še[barley]N
Q000039.186,155,ba[tool]N šab[cut]V/t,{ŋeš}ba šab,Q000039,186,0,ba[tool]N_šab[cut]V/t
Q000039.187,155a,ba[tool]N gur[unit]N,{ŋeš}ba gur,Q000039,187,0,ba[tool]N_gur[unit]N
Q000039.188,155b,ba[tool]N pa[branch]N,{ŋeš}ba pa,Q000039,188,0,ba[tool]N_pa[branch]N
Q000039.189,156,{ŋeš}HUB₂[NA]NA,{ŋeš}HUB₂,Q000039,189,0,{ŋeš}HUB₂[NA]NA
Q000039.190,157,ŋešnaruak[~stele]N,ŋeš-na-ru₂-a,Q000039,190,0,ŋešnaruak[~stele]N
Q000039.191,158,šibir[staff]N šudu[equipped]AJ,{ŋeš}šibir šu-du₇,Q000039,191,0,šibir[staff]N_šudu[equipped]AJ
Q000039.192,159,niŋna[incense]N mud[blood]N,{ŋeš}niŋ₂-na mud₂,Q000039,192,0,niŋna[incense]N_mud[blood]N
Q000039.193,160,guza[chair]N,{ŋeš}gu-za,Q000039,193,0,guza[chair]N
Q000039.194,161,guza[chair]N sag[rare]V/i,{ŋeš}gu-za sag₁₀,Q000039,194,0,guza[chair]N_sag[rare]V/i
Q000039.195,162,guza[chair]N gid[long]V/i,{ŋeš}gu-za gid₂,Q000039,195,0,guza[chair]N_gid[long]V/i
Q000039.196,163,guza[chair]N sirda[cnne]N,{ŋeš}gu-za sir₃-da,Q000039,196,0,guza[chair]N_sirda[cnne]N
Q000039.197,163a,guza[chair]N munus[woman]N,{ŋeš}gu-za munus,Q000039,197,0,guza[chair]N_munus[woman]N
Q000039.198,164,guza[chair]N malah[sailor]N,{ŋeš}gu-za ma₂-lah₅,Q000039,198,0,guza[chair]N_malah[sailor]N
Q000039.199,165,guza[chair]N ŋeškiŋti[workshop]N,{ŋeš}gu-za ŋeš-kiŋ₂-ti,Q000039,199,0,guza[chair]N_ŋeškiŋti[workshop]N
Q000039.200,166,guza[chair]N niŋba[gift]N,{ŋeš}gu-za niŋ₂-ba,Q000039,200,0,guza[chair]N_niŋba[gift]N
Q000039.201,167,guza[chair]N niŋšu[goods]N,{ŋeš}gu-za niŋ₂-šu,Q000039,201,0,guza[chair]N_niŋšu[goods]N
Q000039.202,168,guza[chair]N gigir[chariot]N,{ŋeš}gu-za {ŋeš}gigir,Q000039,202,0,guza[chair]N_gigir[chariot]N
Q000039.203,169,guza[chair]N anše[equid]N,{ŋeš}gu-za anše,Q000039,203,0,guza[chair]N_anše[equid]N
Q000039.204,170,guza[chair]N kaskal[way]N,{ŋeš}gu-za kaskal,Q000039,204,0,guza[chair]N_kaskal[way]N
Q000039.205,171,guza[chair]N ŋarza[rites]N,{ŋeš}gu-za ŋarza₂,Q000039,205,0,guza[chair]N_ŋarza[rites]N
Q000039.206,172,guza[chair]N namlugal[kingship]N,{ŋeš}gu-za nam-lugal,Q000039,206,0,guza[chair]N_namlugal[kingship]N
Q000039.207,173,guza[chair]N namen[priesthood]N,{ŋeš}gu-za nam-en,Q000039,207,0,guza[chair]N_namen[priesthood]N
Q000039.208,174,guza[chair]N namnin[ladyship]N,{ŋeš}gu-za nam-nin,Q000039,208,0,guza[chair]N_namnin[ladyship]N
Q000039.209,175,guza[chair]N šag[heart]N hul[rejoice]V/i,{ŋeš}gu-za šag₄ hul₂,Q000039,209,0,guza[chair]N_šag[heart]N_hul[rejoice]V/i
Q000039.210,176,guza[chair]N šusar[string]N du[build]V/t,{ŋeš}gu-za šu-SAR-e du₃,Q000039,210,0,guza[chair]N_šusar[string]N_du[build]V/t
Q000039.211,177,guza[chair]N kadu[cover]N du[build]V/t,{ŋeš}gu-za ka-dug₃ du₃,Q000039,211,0,guza[chair]N_kadu[cover]N_du[build]V/t
Q000039.212,178,guza[chair]N šah[pig]N šum[slaughter]V/t,{ŋeš}gu-za šah šum,Q000039,212,0,guza[chair]N_šah[pig]N_šum[slaughter]V/t
Q000039.213,179,guza[chair]N Magan[1]GN,{ŋeš}gu-za ma₂-gan-na,Q000039,213,0,guza[chair]N_Magan[1]GN
Q000039.214,180,guza[chair]N Meluhha[1]GN,{ŋeš}gu-za me-luh-ha,Q000039,214,0,guza[chair]N_Meluhha[1]GN
Q000039.215,181,guza[chair]N malah[sailor]N,{ŋeš}gu-za ma₂-lah₄,Q000039,215,0,guza[chair]N_malah[sailor]N
Q000039.216,182,guza[chair]N Aratta[1]SN,{ŋeš}gu-za aratta,Q000039,216,0,guza[chair]N_Aratta[1]SN
Q000039.217,183,guza[chair]N nita[male]N,{ŋeš}gu-za nita,Q000039,217,0,guza[chair]N_nita[male]N
Q000039.218,184,guza[chair]N munus[woman]N,{ŋeš}gu-za munus,Q000039,218,0,guza[chair]N_munus[woman]N
Q000039.219,185,guza[chair]N unkin[assembly]N,{ŋeš}gu-za unkin,Q000039,219,0,guza[chair]N_unkin[assembly]N
Q000039.220,186,guza[chair]N lukur[priestess]N,{ŋeš}gu-za lukur,Q000039,220,0,guza[chair]N_lukur[priestess]N
Q000039.221,186a,guza[chair]N gidim[ghost]N,{ŋeš}gu-za gidim,Q000039,221,0,guza[chair]N_gidim[ghost]N
Q000039.222,187,guza[chair]N ki[place]N uš[die]V/i,{ŋeš}gu-za ki uš₂,Q000039,222,0,guza[chair]N_ki[place]N_uš[die]V/i
Q000039.223,188,guza[chair]N silim[healthy]V/i,{ŋeš}gu-za silim,Q000039,223,0,guza[chair]N_silim[healthy]V/i
Q000039.224,189,guza[chair]N taškarin[boxwood]N,{ŋeš}gu-za {ŋeš}taškarin,Q000039,224,0,guza[chair]N_taškarin[boxwood]N
Q000039.225,190,guza[chair]N esi[tree]N,{ŋeš}gu-za {ŋeš}esi,Q000039,225,0,guza[chair]N_esi[tree]N
Q000039.226,191,guza[chair]N šagkal[tree]N,{ŋeš}gu-za {ŋeš}šag₄-kal,Q000039,226,0,guza[chair]N_šagkal[tree]N
Q000039.227,192,guza[chair]N mes[tree]N,{ŋeš}gu-za {ŋeš}mes,Q000039,227,0,guza[chair]N_mes[tree]N
Q000039.228,193,guza[chair]N mes[tree]N Magan[1]GN,{ŋeš}gu-za {ŋeš}mes ma₂-gan{ki},Q000039,228,0,guza[chair]N_mes[tree]N_Magan[1]GN
Q000039.229,194,guza[chair]N mes[tree]N Meluhha[1]GN,{ŋeš}gu-za {ŋeš}mes me-luh-ha{ki},Q000039,229,0,guza[chair]N_mes[tree]N_Meluhha[1]GN
Q000039.230,195,guza[chair]N gar[knob]N,{ŋeš}gu-za gar₃,Q000039,230,0,guza[chair]N_gar[knob]N
Q000039.231,196,guza[chair]N gar[knob]N kugbabbar[silver]N ŋar[place]V/t,{ŋeš}gu-za gar₃ kug-babbar ŋar,Q000039,231,0,guza[chair]N_gar[knob]N_kugbabbar[silver]N_ŋar[place]V/t
Q000039.232,196a,guza[chair]N gar[knob]N kugsig[gold]N ŋar[place]V/t,{ŋeš}gu-za gar₃ kug-sig₁₇ ŋar,Q000039,232,0,guza[chair]N_gar[knob]N_kugsig[gold]N_ŋar[place]V/t
Q000039.233,197,guza[chair]N gar[knob]N zabar[bronze]N ŋar[place]V/t,{ŋeš}gu-za gar₃ zabar ŋar,Q000039,233,0,guza[chair]N_gar[knob]N_zabar[bronze]N_ŋar[place]V/t
Q000039.234,198,guza[chair]N gar[knob]N kuš[skin]N ŋar[place]V/t,{ŋeš}gu-za gar₃ kuš ŋar,Q000039,234,0,guza[chair]N_gar[knob]N_kuš[skin]N_ŋar[place]V/t
Q000039.235,199,bad[leg]N guza[chair]N,{ŋeš}bad gu-za,Q000039,235,0,bad[leg]N_guza[chair]N
Q000039.236,200,saŋ[head]N guza[chair]N,{ŋeš}saŋ gu-za,Q000039,236,0,saŋ[head]N_guza[chair]N
Q000039.237,201,ŋešdi[rung]N guza[chair]N,ŋeš-di₅ gu-za,Q000039,237,0,ŋešdi[rung]N_guza[chair]N
Q000039.238,202,izzi[wall]N guza[chair]N,{ŋeš}i-zi gu-za,Q000039,238,0,izzi[wall]N_guza[chair]N
Q000039.239,203,umbin[base]N guza[chair]N,{ŋeš}umbin gu-za,Q000039,239,0,umbin[base]N_guza[chair]N
Q000039.240,204,šuʾa[stool]N,{ŋeš}šu₂-a,Q000039,240,0,šuʾa[stool]N
Q000039.241,205,šuʾa[stool]N dus[bathroom]N,{ŋeš}šu₂-a du₁₀-sa,Q000039,241,0,šuʾa[stool]N_dus[bathroom]N
Q000039.242,206,šuʾa[stool]N nagar[carpenter]N,{ŋeš}šu₂-a nagar,Q000039,242,0,šuʾa[stool]N_nagar[carpenter]N
Q000039.243,207,šuʾa[stool]N burgul[stone-cutter]N,{ŋeš}šu₂-a bur-gul,Q000039,243,0,šuʾa[stool]N_burgul[stone-cutter]N
Q000039.244,208,šuʾa[stool]N tibira[sculptor]N,{ŋeš}šu₂-a tibira,Q000039,244,0,šuʾa[stool]N_tibira[sculptor]N
Q000039.245,209,šuʾa[stool]N kaskal[way]N,{ŋeš}šu₂-a kaskal,Q000039,245,0,šuʾa[stool]N_kaskal[way]N
Q000039.246,210,šuʾa[stool]N niŋgula[greatness]N,{ŋeš}šu₂-a niŋ₂-gu-la,Q000039,246,0,šuʾa[stool]N_niŋgula[greatness]N
Q000039.247,211,ŋirigub[footstool]N,{ŋeš}ŋiri₃-gub,Q000039,247,0,ŋirigub[footstool]N
Q000039.248,212,ŋirigub[footstool]N {d}lama[NA]NA,{ŋeš}ŋiri₃-gub {d}lama,Q000039,248,0,ŋirigub[footstool]N_{d}lama[NA]NA
Q000039.249,213,ŋirigub[footstool]N zu[tooth]N amsi[elephant]N,{ŋeš}ŋiri₃-gub zu₂ am-si,Q000039,249,0,ŋirigub[footstool]N_zu[tooth]N_amsi[elephant]N
Q000039.250,214,ŋešnud[bed]N,ŋeš-nud,Q000039,250,0,ŋešnud[bed]N
Q000039.251,215,ŋeš.nud.AŠ.nud[bed]N,ŋeš-nud-AŠ-nud,Q000039,251,0,ŋeš.nud.AŠ.nud[bed]N
Q000039.252,216,ŋešnud[bed]N kinud[bedroom]N,ŋeš-nud ki-nud,Q000039,252,0,ŋešnud[bed]N_kinud[bedroom]N
Q000039.253,217,ŋešnud[bed]N gu[neck]N zig[rise]V/t,ŋeš-nud gu₂ zig₃,Q000039,253,0,ŋešnud[bed]N_gu[neck]N_zig[rise]V/t
Q000039.254,218,ŋešnud[bed]N umbin[nail]N,ŋeš-nud umbin,Q000039,254,0,ŋešnud[bed]N_umbin[nail]N
Q000039.255,219,ŋešnud[bed]N umbin[nail]N gud[ox]N,ŋeš-nud umbin gud,Q000039,255,0,ŋešnud[bed]N_umbin[nail]N_gud[ox]N
Q000039.256,220,ŋešnud[bed]N šatuku[mattress]N,ŋeš-nud šag₄-tuku,Q000039,256,0,ŋešnud[bed]N_šatuku[mattress]N
Q000039.257,221,ŋešnud[bed]N šatuku[mattress]N siki[hair]N garig[comb]N ak[do]V/t,ŋeš-nud šag₄-tuku siki ga-rig₂ ak,Q000039,257,0,ŋešnud[bed]N_šatuku[mattress]N_siki[hair]N_garig[comb]N_ak[do]V/t
Q000039.258,222,ŋešnud[bed]N ur₄-ma[NA]NA,ŋeš-nud ur₄-ma,Q000039,258,0,ŋešnud[bed]N_ur₄-ma[NA]NA
Q000039.259,223,zag[side]N andul[shade]N ŋešnud[bed]N,{ŋeš}zag an-dul₃ nud,Q000039,259,0,zag[side]N_andul[shade]N_ŋešnud[bed]N
Q000039.260,224,barsig[garment]N ŋešnud[bed]N,{ŋeš}bar-si nud,Q000039,260,0,barsig[garment]N_ŋešnud[bed]N
Q000039.261,225,bad[leg]N ŋešnud[bed]N,{ŋeš}bad nud,Q000039,261,0,bad[leg]N_ŋešnud[bed]N
Q000039.262,226,saŋ[head]N ŋešnud[bed]N,{ŋeš}saŋ nud,Q000039,262,0,saŋ[head]N_ŋešnud[bed]N
Q000039.263,227,ŋešdi[rung]N ŋešnud[bed]N,ŋeš-di₅ nud,Q000039,263,0,ŋešdi[rung]N_ŋešnud[bed]N
Q000039.264,228,izzi[wall]N ŋešnud[bed]N,{ŋeš}i-zi nud,Q000039,264,0,izzi[wall]N_ŋešnud[bed]N
Q000039.265,229,umbin[base]N ŋešnud[bed]N,{ŋeš}umbin nud,Q000039,265,0,umbin[base]N_ŋešnud[bed]N
Q000039.266,230,dilimgal[dish]N,{ŋeš}dilim₂-gal,Q000039,266,0,dilimgal[dish]N
Q000039.267,231,dilim[spoon]N,{ŋeš}dilim₂,Q000039,267,0,dilim[spoon]N
Q000039.268,232,dilimbanda[bowl]N,{ŋeš}dilim₂-banda₃{da},Q000039,268,0,dilimbanda[bowl]N
Q000039.269,233,maltum[bowl]N,{ŋeš}ma-al-tum,Q000039,269,0,maltum[bowl]N
Q000039.270,234,banšur[table]N,{ŋeš}banšur,Q000039,270,0,banšur[table]N
Q000039.271,235,dilim[spoon]N banšur[table]N,{ŋeš}dilim₂ banšur,Q000039,271,0,dilim[spoon]N_banšur[table]N
Q000039.272,236,umbin[base]N banšur[table]N,{ŋeš}umbin banšur,Q000039,272,0,umbin[base]N_banšur[table]N
Q000039.273,237,banšurzaggula[table]N,{ŋeš}banšur-zag-gu-la,Q000039,273,0,banšurzaggula[table]N
Q000039.274,238,banšur[table]N zagŋara[shrine]N,{ŋeš}banšur zag-ŋar-ra,Q000039,274,0,banšur[table]N_zagŋara[shrine]N
Q000039.275,239,kaŋeškarak[table]N,{ŋeš}ka-kara₄(KAD₄),Q000039,275,0,kaŋeškarak[table]N
Q000039.276,240,kaŋeškarak[table]N zu[tooth]N amsi[elephant]N sig[put]V/t,{ŋeš}ka-kara₄ zu₂ am-si sig₉,Q000039,276,0,kaŋeškarak[table]N_zu[tooth]N_amsi[elephant]N_sig[put]V/t
Q000039.277,241,maštakda[wooden-object]N,{ŋeš}maš-tak-da,Q000039,277,0,maštakda[wooden-object]N
Q000039.278,242,emerah[jug]N,{ŋeš}emerah,Q000039,278,0,emerah[jug]N
Q000039.279,243,emerah[jug]N x-x[NA]NA ga[milk]N,{ŋeš}emerah x-x ga,Q000039,279,0,emerah[jug]N_x-x[NA]NA_ga[milk]N
Q000039.280,244,emerah[jug]N TI[NA]NA,{ŋeš}emerah TI,Q000039,280,0,emerah[jug]N_TI[NA]NA
Q000039.281,245,murzanum[wooden-object]N,{ŋeš}muru₅-za-nu-um,Q000039,281,0,murzanum[wooden-object]N
Q000039.282,246,kuŋ[stair]N,{ŋeš}kuŋ₄,Q000039,282,0,kuŋ[stair]N
Q000039.283,247,kuŋ[stair]N bad[wall]N,{ŋeš}kuŋ₄ bad₃,Q000039,283,0,kuŋ[stair]N_bad[wall]N
Q000039.284,248,kuŋ[stair]N me[Being]N nu-KU[NA]NA,{ŋeš}kuŋ₄ me nu-KU,Q000039,284,0,kuŋ[stair]N_me[Being]N_nu-KU[NA]NA
Q000039.285,249,x[NA]NA,x,Q000039,285,0,x[NA]NA
Q000039.286,250,u[planking]N kuŋ[stair]N,{ŋeš}u₃ kun₄,Q000039,286,0,u[planking]N_kuŋ[stair]N
Q000039.287,251,suku[pole]N kuŋ[stair]N,{ŋeš}suku₅ kun₄,Q000039,287,0,suku[pole]N_kuŋ[stair]N
Q000039.288,252,buniŋ[trough]N,{ŋeš}buniŋ,Q000039,288,0,buniŋ[trough]N
Q000039.289,253,buniŋ[trough]N tur[small]V/i,{ŋeš}buniŋ tur,Q000039,289,0,buniŋ[trough]N_tur[small]V/i
Q000039.290,254,buniŋ[trough]N ZU-bar-ra[NA]NA,{ŋeš}buniŋ ZU-bar-ra,Q000039,290,0,buniŋ[trough]N_ZU-bar-ra[NA]NA
Q000039.291,255,naŋa[mortar]N,{ŋeš}naŋa₃,Q000039,291,0,naŋa[mortar]N
Q000039.292,256,naŋa[mortar]N še[barley]N,{ŋeš}naŋa₃ še,Q000039,292,0,naŋa[mortar]N_še[barley]N
Q000039.293,257,naŋa[mortar]N ŋeši[sesame]N,{ŋeš}naŋa₃ {še}ŋeš-i₃,Q000039,293,0,naŋa[mortar]N_ŋeši[sesame]N
Q000039.294,258,naŋa[mortar]N esir[bitumen]N ea[~bitumen]N,{ŋeš}naŋa₃ esir e₃-a,Q000039,294,0,naŋa[mortar]N_esir[bitumen]N_ea[~bitumen]N
Q000039.295,259,tukul[weapon]N naŋasikaz[pestle]N,{ŋeš}tukul naŋa₃-si₃-gaz,Q000039,295,0,tukul[weapon]N_naŋasikaz[pestle]N
Q000039.296,260,ŋešgana[pestle]N,ŋeš-gan-na,Q000039,296,0,ŋešgana[pestle]N
Q000039.297,261,girah[tool]N,{ŋeš}girah(|ŠU.DIM₂|),Q000039,297,0,girah[tool]N
Q000039.298,261a,mete[appropriate-thing]N šidim[builder]N,{ŋeš}me-te šidim,Q000039,298,0,mete[appropriate-thing]N_šidim[builder]N
Q000039.299,262,emesig[plank]N,{ŋeš}eme-sig,Q000039,299,0,emesig[plank]N
Q000039.300,263,miriza[plank]N,{ŋeš}mi-ri₂-za,Q000039,300,0,miriza[plank]N
Q000039.301,264,miriza[plank]N zag[side]N gi[turn]V/i,{ŋeš}mi-ri₂-za zag gi₄,Q000039,301,0,miriza[plank]N_zag[side]N_gi[turn]V/i
Q000039.302,265,ma[ship]N,{ŋeš}ma₂,Q000039,302,0,ma[ship]N
Q000039.303,266,magur[barge]N,{ŋeš}ma₂-gur,Q000039,303,0,magur[barge]N
Q000039.304,267,ma[ship]N x-ga[NA]NA,{ŋeš}ma₂ x-ga,Q000039,304,0,ma[ship]N_x-ga[NA]NA
Q000039.305,268,ma[ship]N x[NA]NA,{ŋeš}ma₂ x,Q000039,305,0,ma[ship]N_x[NA]NA
Q000039.306,269,maʾu[barge]N,{ŋeš}ma₂-u₅,Q000039,306,0,maʾu[barge]N
Q000039.307,270,madala[bundle]N,{ŋeš}ma₂-da-la₂,Q000039,307,0,madala[bundle]N
Q000039.308,271,ma[ship]N šukud[fisherman]N,{ŋeš}ma₂ šu-HA@g,Q000039,308,0,ma[ship]N_šukud[fisherman]N
Q000039.309,272,ma[ship]N peš[thick]V/i,{ŋeš}ma₂ peš-peš,Q000039,309,0,ma[ship]N_peš[thick]V/i
Q000039.310,273,ma[ship]N šu[hand]N gi[turn]V/i,{ŋeš}ma₂ šu gi₄,Q000039,310,0,ma[ship]N_šu[hand]N_gi[turn]V/i
Q000039.311,273a,ma[ship]N X-LAGAB[NA]NA,{ŋeš}ma₂ X-LAGAB,Q000039,311,0,ma[ship]N_X-LAGAB[NA]NA
Q000039.312,274,ma[ship]N Mari[1]SN,{ŋeš}ma₂ ma₂-ri,Q000039,312,0,ma[ship]N_Mari[1]SN
Q000039.313,275,ma[ship]N su[sink]V/t,{ŋeš}ma₂ su,Q000039,313,0,ma[ship]N_su[sink]V/t
Q000039.314,276,ma[ship]N dim[post]N dug[speak]V/t,{ŋeš}ma₂ dim dug₄,Q000039,314,0,ma[ship]N_dim[post]N_dug[speak]V/t
Q000039.315,277,ma[ship]N NE[NA]NA,{ŋeš}ma₂ NE,Q000039,315,0,ma[ship]N_NE[NA]NA
Q000039.316,278,ma[ship]N du[spread]V/t,{ŋeš}ma₂ du₈,Q000039,316,0,ma[ship]N_du[spread]V/t
Q000039.317,279,ma[ship]N ŋeš[sixty]NU gur[unit]N,{ŋeš}ma₂ ŋeš₂ gur,Q000039,317,0,ma[ship]N_ŋeš[sixty]NU_gur[unit]N
Q000039.318,280,ma[ship]N ninnu[fifty]NU gur[unit]N,{ŋeš}ma₂ ninnu gur,Q000039,318,0,ma[ship]N_ninnu[fifty]NU_gur[unit]N
Q000039.319,281,ma[ship]N nimin[forty]NU gur[unit]N,{ŋeš}ma₂ nimin gur,Q000039,319,0,ma[ship]N_nimin[forty]NU_gur[unit]N
Q000039.320,282,ma[ship]N ušu[thirty]NU gur[unit]N,{ŋeš}ma₂ ušu₃ gur,Q000039,320,0,ma[ship]N_ušu[thirty]NU_gur[unit]N
Q000039.321,283,ma[ship]N niš[twenty]NU gur[unit]N,{ŋeš}ma₂ niš gur,Q000039,321,0,ma[ship]N_niš[twenty]NU_gur[unit]N
Q000039.322,284,ma[ship]N 15[NA]NA gur[unit]N,{ŋeš}ma₂ 15 gur,Q000039,322,0,ma[ship]N_15[NA]NA_gur[unit]N
Q000039.323,285,ma[ship]N u[ten]NU gur[unit]N,{ŋeš}ma₂ u gur,Q000039,323,0,ma[ship]N_u[ten]NU_gur[unit]N
Q000039.324,286,ma[ship]N ya[five]NU gur[unit]N,{ŋeš}ma₂ ia₂ gur,Q000039,324,0,ma[ship]N_ya[five]NU_gur[unit]N
Q000039.325,287,ma[ship]N tur[small]V/i,{ŋeš}ma₂ tur,Q000039,325,0,ma[ship]N_tur[small]V/i
Q000039.326,288,Maʾana[1]ON,{ŋeš}ma₂-an-na,Q000039,326,0,Maʾana[1]ON
Q000039.327,289,Maʾašte[1]ON,{ŋeš}ma₂-aš-te,Q000039,327,0,Maʾašte[1]ON
Q000039.328,290,magur[barge]N Ninlil[1]DN,{ŋeš}ma₂-gur₈ {d}nin-lil₂,Q000039,328,0,magur[barge]N_Ninlil[1]DN
Q000039.329,291,magur[barge]N Damu[1]DN,{ŋeš}ma₂-gur₈ {d}da-mu,Q000039,329,0,magur[barge]N_Damu[1]DN
Q000039.330,292,Makarnuntaʾea[1]ON,{ŋeš}ma₂-kar-nun-ta-e₃-a,Q000039,330,0,Makarnuntaʾea[1]ON
Q000039.331,293,Madurahabzu[1]ON,{ŋeš}ma₂-durah-abzu,Q000039,331,0,Madurahabzu[1]ON
Q000039.332,294,Manuri[1]ON,{ŋeš}ma₂-nu-ri,Q000039,332,0,Manuri[1]ON
Q000039.333,294a,Manuri[1]ON banda[junior]V/i,{ŋeš}ma₂-nu-ri banda₃{da},Q000039,333,0,Manuri[1]ON_banda[junior]V/i
Q000039.334,294b,ma[ship]N UD[NA]NA nurum[light]N,{ŋeš}ma₂ UD nu-ri,Q000039,334,0,ma[ship]N_UD[NA]NA_nurum[light]N
Q000039.335,295,Magurnubzu[1]ON,{ŋeš}ma₂-gur₈-nu-ub-zu,Q000039,335,0,Magurnubzu[1]ON
Q000039.336,296,ma[ship]N Dilmun[1]GN,{ŋeš}ma₂ dilmun-na,Q000039,336,0,ma[ship]N_Dilmun[1]GN
Q000039.337,297,u[planking]N ma[ship]N,{ŋeš}u₃ ma₂,Q000039,337,0,u[planking]N_ma[ship]N
Q000039.338,298,ema[cabin]N,{ŋeš}e₂-ma₂,Q000039,338,0,ema[cabin]N
Q000039.339,299,si[horn]N ma[ship]N,{ŋeš}si ma₂,Q000039,339,0,si[horn]N_ma[ship]N
Q000039.340,300,anše[equid]N ma[ship]N,{ŋeš}anše ma₂,Q000039,340,0,anše[equid]N_ma[ship]N
Q000039.341,301,dim[post]N ma[ship]N,{ŋeš}dim ma₂,Q000039,341,0,dim[post]N_ma[ship]N
Q000039.342,302,dib[board]N ma[ship]N,{ŋeš}dib ma₂,Q000039,342,0,dib[board]N_ma[ship]N
Q000039.343,303,saŋ[head]N ma[ship]N,{ŋeš}saŋ ma₂,Q000039,343,0,saŋ[head]N_ma[ship]N
Q000039.344,304,u[ride]V/t zipah[unit]N ma[ship]N,{ŋeš}u₅ zi-pa-ah ma₂,Q000039,344,0,u[ride]V/t_zipah[unit]N_ma[ship]N
Q000039.345,305,egir[back]N ma[ship]N,{ŋeš}egir ma₂,Q000039,345,0,egir[back]N_ma[ship]N
Q000039.346,306,pešeš[~boat]N ma[ship]N,{ŋeš}peš-eš₃ ma₂,Q000039,346,0,pešeš[~boat]N_ma[ship]N
Q000039.347,307,maʾaddir[ferryboat]N,{ŋeš}ma₂-addir,Q000039,347,0,maʾaddir[ferryboat]N
Q000039.348,307a,ma[ship]N lugal[king]N,{ŋeš}ma₂ lugal,Q000039,348,0,ma[ship]N_lugal[king]N
Q000039.349,308,madu[~boat]N,{ŋeš}ma₂-du₃,Q000039,349,0,madu[~boat]N
Q000039.350,309,zag[side]N madu[~boat]N,{ŋeš}zag ma₂-du₃,Q000039,350,0,zag[side]N_madu[~boat]N
Q000039.351,310,{ŋeš}ŋir₂[NA]NA madu[~boat]N,{ŋeš}ŋir₂ ma₂-du₃,Q000039,351,0,{ŋeš}ŋir₂[NA]NA_madu[~boat]N
Q000039.352,310a,{ŋeš}peš[NA]NA madu[~boat]N,{ŋeš}peš ma₂-du₃,Q000039,352,0,{ŋeš}peš[NA]NA_madu[~boat]N
Q000039.353,311,{ŋeš}uš₂[NA]NA madu[~boat]N,{ŋeš}uš₂ ma₂-du₃,Q000039,353,0,{ŋeš}uš₂[NA]NA_madu[~boat]N
Q000039.354,312,targul[pole]N,{ŋeš}targul,Q000039,354,0,targul[pole]N
Q000039.355,313,anta[upper]V/t targul[pole]N,{ŋeš}an-ta targul,Q000039,355,0,anta[upper]V/t_targul[pole]N
Q000039.356,314,zigan[rudder]N,{ŋeš}zi-gan,Q000039,356,0,zigan[rudder]N
Q000039.357,315,dilim[spoon]N zigan[rudder]N,{ŋeš}dilim₂ zi-gan,Q000039,357,0,dilim[spoon]N_zigan[rudder]N
Q000039.358,316,{ŋeš}sig[NA]NA zigan[rudder]N,{ŋeš}sig zi-gan,Q000039,358,0,{ŋeš}sig[NA]NA_zigan[rudder]N
Q000039.359,317,antibal[sign]N,{ŋeš}an-ti-bal,Q000039,359,0,antibal[sign]N
Q000039.360,318,zinhur[~ship]N,{ŋeš}zi-in-hur,Q000039,360,0,zinhur[~ship]N
Q000039.361,319,gag[nail]N,{ŋeš}gag,Q000039,361,0,gag[nail]N
Q000039.362,320,ir[peg]N,{ŋeš}ir,Q000039,362,0,ir[peg]N
Q000039.363,321,eškiri[rope]N,{ŋeš}eškiri₂,Q000039,363,0,eškiri[rope]N
Q000039.364,322,gag[nail]N eškiri[rope]N,{ŋeš}gag eškiri₂,Q000039,364,0,gag[nail]N_eškiri[rope]N
Q000039.365,323,šibir[staff]N,{ŋeš}šibir,Q000039,365,0,šibir[staff]N
Q000039.366,324,gag[nail]N šibir[staff]N,{ŋeš}gag šibir,Q000039,366,0,gag[nail]N_šibir[staff]N
Q000039.367,325,gabar[herder]N,{ŋeš}kab-bar,Q000039,367,0,gabar[herder]N
Q000039.368,326,gigir[chariot]N,{ŋeš}gigir,Q000039,368,0,gigir[chariot]N
Q000039.369,327,e[house]N gigir[chariot]N,{ŋeš}e₂ gigir,Q000039,369,0,e[house]N_gigir[chariot]N
Q000039.370,328,e[house]N usan[whip]N gigir[chariot]N,{ŋeš}e₂ usan₃ gigir,Q000039,370,0,e[house]N_usan[whip]N_gigir[chariot]N
Q000039.371,329,{ŋeš}SUM-KI-A[NA]NA gigir[chariot]N,{ŋeš}SUM-KI-A gigir,Q000039,371,0,{ŋeš}SUM-KI-A[NA]NA_gigir[chariot]N
Q000039.372,330,kun[tail]N gigir[chariot]N,{ŋeš}kun gigir,Q000039,372,0,kun[tail]N_gigir[chariot]N
Q000039.373,331,GUL[~chariot]N gigir[chariot]N,{ŋeš}GUL gigir,Q000039,373,0,GUL[~chariot]N_gigir[chariot]N
Q000039.374,331a,{ŋeš}X[NA]NA kindu[earth]N gigir[chariot]N,{ŋeš}X ki-en-du gigir,Q000039,374,0,{ŋeš}X[NA]NA_kindu[earth]N_gigir[chariot]N
Q000039.375,332,sahargi[dust-guard]N gigir[chariot]N,{ŋeš}sahar-gi₄ gigir,Q000039,375,0,sahargi[dust-guard]N_gigir[chariot]N
Q000039.376,333,sudin[~chariot]N gigir[chariot]N,{ŋeš}su-din gigir,Q000039,376,0,sudin[~chariot]N_gigir[chariot]N
Q000039.377,334,sulummar[rope]N gigir[chariot]N,{ŋeš}su-lum-mar gigir,Q000039,377,0,sulummar[rope]N_gigir[chariot]N
Q000039.378,335,saŋkul[bolt]N gigir[chariot]N,{ŋeš}saŋ-kul gigir,Q000039,378,0,saŋkul[bolt]N_gigir[chariot]N
Q000039.379,336,saŋdur[seat]N gigir[chariot]N,{ŋeš}saŋ-dur₂ gigir,Q000039,379,0,saŋdur[seat]N_gigir[chariot]N
Q000039.380,337,ŋirigub[footstool]N gigir[chariot]N,{ŋeš}ŋiri₃-gub gigir,Q000039,380,0,ŋirigub[footstool]N_gigir[chariot]N
Q000039.381,338,mud[tube]N gigir[chariot]N,{ŋeš}mud gigir,Q000039,381,0,mud[tube]N_gigir[chariot]N
Q000039.382,339,gag[nail]N mud[tube]N gigir[chariot]N,{ŋeš}gag mud gigir,Q000039,382,0,gag[nail]N_mud[tube]N_gigir[chariot]N
Q000039.383,340,šudul[yoke]N gigir[chariot]N,{ŋeš}šu₂-dul₄ gigir,Q000039,383,0,šudul[yoke]N_gigir[chariot]N
Q000039.384,341,gag[nail]N šudul[yoke]N gigir[chariot]N,{ŋeš}gag šudul gigir,Q000039,384,0,gag[nail]N_šudul[yoke]N_gigir[chariot]N
Q000039.385,342,umbin[wheel]N gigir[chariot]N,{ŋeš}umbin gigir,Q000039,385,0,umbin[wheel]N_gigir[chariot]N
Q000039.386,343,gag[nail]N umbin[wheel]N gigir[chariot]N,{ŋeš}gag umbin gigir,Q000039,386,0,gag[nail]N_umbin[wheel]N_gigir[chariot]N
Q000039.387,344,si[horn]N gigir[chariot]N,{ŋeš}si gigir,Q000039,387,0,si[horn]N_gigir[chariot]N
Q000039.388,345,gaba[chest]N gigir[chariot]N,{ŋeš}gaba gigir,Q000039,388,0,gaba[chest]N_gigir[chariot]N
Q000039.389,346,gabaŋal[guard]N gigir[chariot]N,{ŋeš}gaba-ŋal₂ gigir,Q000039,389,0,gabaŋal[guard]N_gigir[chariot]N
Q000039.390,347,usan[whip]N,{ŋeš}usan₃,Q000039,390,0,usan[whip]N
Q000039.391,348,usan[whip]N,{ŋeš}usan₃,Q000039,391,0,usan[whip]N
Q000039.392,349,eme[tongue]N usan[whip]N,{ŋeš}eme usan₃,Q000039,392,0,eme[tongue]N_usan[whip]N
Q000039.393,350,{ŋeš}ama[NA]NA usan[whip]N,{ŋeš}ama usan₃,Q000039,393,0,{ŋeš}ama[NA]NA_usan[whip]N
Q000039.394,351,gagsila[harness]N,{ŋeš}gag-sila₃,Q000039,394,0,gagsila[harness]N
Q000039.395,352,zara[pivot]N gagsila[harness]N,{ŋeš}za-ra gag-sal₄,Q000039,395,0,zara[pivot]N_gagsila[harness]N
Q000039.396,353,umbin[wheel]N gagsila[harness]N,{ŋeš}umbin gag-sal₄,Q000039,396,0,umbin[wheel]N_gagsila[harness]N
Q000039.397,353a,{ŋeš}x[NA]NA gagsila[harness]N,{ŋeš}x gag-sal₄,Q000039,397,0,{ŋeš}x[NA]NA_gagsila[harness]N
Q000039.398,354,DUB.du₃[~vehicle]N ŋar[place]V/t,{ŋeš}kišib₃-du₃ ŋar,Q000039,398,0,DUB.du₃[~vehicle]N_ŋar[place]V/t
Q000039.399,355,DUB.du₃[~vehicle]N bar[outside]V/t,{ŋeš}kišib₃-du₃ bar,Q000039,399,0,DUB.du₃[~vehicle]N_bar[outside]V/t
Q000039.400,356,DUB.du₃[~vehicle]N šag[heart]N,{ŋeš}kišib₃-du₃ šag₄,Q000039,400,0,DUB.du₃[~vehicle]N_šag[heart]N
Q000039.401,357,margida[cart]N,{ŋeš}mar-gid₂-da,Q000039,401,0,margida[cart]N
Q000039.402,357a,margida[cart]N,{ŋeš}mar-gid₂-da,Q000039,402,0,margida[cart]N
Q000039.403,358,guza[chair]N margida[cart]N,{ŋeš}gu-za mar-gid₂-da,Q000039,403,0,guza[chair]N_margida[cart]N
Q000039.404,359,zara[pivot]N margida[cart]N,{ŋeš}za-ra mar-gid₂-da,Q000039,404,0,zara[pivot]N_margida[cart]N
Q000039.405,360,gag[nail]N zara[pivot]N margida[cart]N,{ŋeš}gag za-ra mar-gid₂-da,Q000039,405,0,gag[nail]N_zara[pivot]N_margida[cart]N
Q000039.406,361,saŋkul[bolt]N margida[cart]N,{ŋeš}saŋ-kul mar-gid₂-da,Q000039,406,0,saŋkul[bolt]N_margida[cart]N
Q000039.407,362,saŋdur[seat]N margida[cart]N,{ŋeš}saŋ-dur₂ mar-gid₂-da,Q000039,407,0,saŋdur[seat]N_margida[cart]N
Q000039.408,363,ŋirigub[footstool]N margida[cart]N,{ŋeš}ŋiri₃-gub mar-gid₂-da,Q000039,408,0,ŋirigub[footstool]N_margida[cart]N
Q000039.409,364,mud[stump]N margida[cart]N,{ŋeš}mud mar-gid₂-da,Q000039,409,0,mud[stump]N_margida[cart]N
Q000039.410,365,gag[nail]N mud[tube]N margida[cart]N,{ŋeš}gag mud mar-gid₂-da,Q000039,410,0,gag[nail]N_mud[tube]N_margida[cart]N
Q000039.411,366,šudul[yoke]N margida[cart]N,{ŋeš}šudul₄ mar-gid₂-da,Q000039,411,0,šudul[yoke]N_margida[cart]N
Q000039.412,367,gag[nail]N šudul[yoke]N margida[cart]N,{ŋeš}gag šudul₄ mar-gid₂-da,Q000039,412,0,gag[nail]N_šudul[yoke]N_margida[cart]N
Q000039.413,368,umbin[wheel]N margida[cart]N,{ŋeš}umbin mar-gid₂-da,Q000039,413,0,umbin[wheel]N_margida[cart]N
Q000039.414,369,gag[nail]N umbin[wheel]N margida[cart]N,{ŋeš}gag umbin mar-gid₂-da,Q000039,414,0,gag[nail]N_umbin[wheel]N_margida[cart]N
Q000039.415,370,usakar[moon]N margida[cart]N,{ŋeš}u₄-sakar mar-gid₂-da,Q000039,415,0,usakar[moon]N_margida[cart]N
Q000039.416,371,gag[nail]N usakar[moon]N margida[cart]N,{ŋeš}gag u₄-sakar mar-gid₂-da,Q000039,416,0,gag[nail]N_usakar[moon]N_margida[cart]N
Q000039.417,372,manhara[vessel]N margida[cart]N,{ŋeš}nam-ha-ru-um mar-gid₂-da,Q000039,417,0,manhara[vessel]N_margida[cart]N
Q000039.418,373,endur[navel?]N margida[cart]N,{ŋeš}en₃-dur mar-gid₂-da,Q000039,418,0,endur[navel?]N_margida[cart]N
Q000039.419,374,ig[door]N,{ŋeš}ig,Q000039,419,0,ig[door]N
Q000039.420,375,ig[door]N gal[big]V/i,{ŋeš}ig gal,Q000039,420,0,ig[door]N_gal[big]V/i
Q000039.421,376,ig[door]N i[oil]N,{ŋeš}ig i₃,Q000039,421,0,ig[door]N_i[oil]N
Q000039.422,377,ig[door]N i[oil]N šeš[anoint]V/t,{ŋeš}ig i₃ šeš₂,Q000039,422,0,ig[door]N_i[oil]N_šeš[anoint]V/t
Q000039.423,378,ig[door]N leʾum[board]N,{ŋeš}ig li,Q000039,423,0,ig[door]N_leʾum[board]N
Q000039.424,379,ig[door]N dib[board]N,{ŋeš}ig dib,Q000039,424,0,ig[door]N_dib[board]N
Q000039.425,380,ig[door]N sah[mat]N,{ŋeš}ig sah,Q000039,425,0,ig[door]N_sah[mat]N
Q000039.426,380a,ig[door]N papah[cella]N,{ŋeš}ig pa-pah,Q000039,426,0,ig[door]N_papah[cella]N
Q000039.427,380b,ig[door]N ba-šag₄-ga[NA]NA,{ŋeš}ig ba-šag₄-ga,Q000039,427,0,ig[door]N_ba-šag₄-ga[NA]NA
Q000039.428,381,ig[door]N maštab[twin]N,{ŋeš}ig maš-tab,Q000039,428,0,ig[door]N_maštab[twin]N
Q000039.429,382,ig[door]N uma[triumph]N,{ŋeš}ig u₃-ma,Q000039,429,0,ig[door]N_uma[triumph]N
Q000039.430,383,ig[door]N ul[fruit]N,{ŋeš}ig ul,Q000039,430,0,ig[door]N_ul[fruit]N
Q000039.431,384,ig[door]N zena[midrib]N,{ŋeš}ig ze₂-na,Q000039,431,0,ig[door]N_zena[midrib]N
Q000039.432,385,ig[door]N miriza[plank]N,{ŋeš}ig mi-ri₂-za,Q000039,432,0,ig[door]N_miriza[plank]N
Q000039.433,386,ig[door]N kan[gate]N tilla[street]N,{ŋeš}ig kan₄ tilla₂,Q000039,433,0,ig[door]N_kan[gate]N_tilla[street]N
Q000039.434,387,ig[door]N kan[gate]N egal[palace]N,{ŋeš}ig kan₄ e₂-gal,Q000039,434,0,ig[door]N_kan[gate]N_egal[palace]N
Q000039.435,388,suku[pole]N ig[door]N,{ŋeš}suku₅ ig,Q000039,435,0,suku[pole]N_ig[door]N
Q000039.436,389,u[planking]N ig[door]N,{ŋeš}u₃ ig,Q000039,436,0,u[planking]N_ig[door]N
Q000039.437,390,usakar[moon]N ig[door]N,{ŋeš}u₄-sakar ig,Q000039,437,0,usakar[moon]N_ig[door]N
Q000039.438,391,barda[crossbar]N ig[door]N,{ŋeš}bar-da₃ ig,Q000039,438,0,barda[crossbar]N_ig[door]N
Q000039.439,392,dula[depth]N ig[door]N,{ŋeš}dun₃-la₂ ig,Q000039,439,0,dula[depth]N_ig[door]N
Q000039.440,393,ir[peg]N ig[door]N,{ŋeš}ir ig,Q000039,440,0,ir[peg]N_ig[door]N
Q000039.441,394,suhub[bolt]N ig[door]N,{ŋeš}suhub₄ ig,Q000039,441,0,suhub[bolt]N_ig[door]N
Q000039.442,394a,suhub[bolt]N,{ŋeš}|ŠU.DI|,Q000039,442,0,suhub[bolt]N
Q000039.443,394b,šugi[bolt]N,{ŋeš}šu-ga,Q000039,443,0,šugi[bolt]N
Q000039.444,395,nukušu[~door]N,{ŋeš}nu-kuš₂-u₃,Q000039,444,0,nukušu[~door]N
Q000039.445,396,nukušu[~door]N ana[upper]AJ,{ŋeš}nu-kuš₂-u₃ an-na,Q000039,445,0,nukušu[~door]N_ana[upper]AJ
Q000039.446,397,nukušu[~door]N kita[lower]AJ,{ŋeš}nu-kuš₂-u₃ ki-ta,Q000039,446,0,nukušu[~door]N_kita[lower]AJ
Q000039.447,398,saŋkul[bolt]N,{ŋeš}saŋ-kul,Q000039,447,0,saŋkul[bolt]N
Q000039.448,399,saŋkul[bolt]N nim[high]V/i,{ŋeš}saŋ-kul nim,Q000039,448,0,saŋkul[bolt]N_nim[high]V/i
Q000039.449,400,eš[rope]N saŋkul[bolt]N,{ŋeš}eš₂ saŋ-kul,Q000039,449,0,eš[rope]N_saŋkul[bolt]N
Q000039.450,401,saŋkul[bolt]N la[hang]V/t,{ŋeš}saŋ-kul la₂,Q000039,450,0,saŋkul[bolt]N_la[hang]V/t
Q000039.451,402,siŋar[bolt]N,{ŋeš}si-ŋar,Q000039,451,0,siŋar[bolt]N
Q000039.452,403,gag[nail]N siŋar[bolt]N,{ŋeš}gag si-ŋar,Q000039,452,0,gag[nail]N_siŋar[bolt]N
Q000039.453,404,siŋar[bolt]N guʾe[textile]N,{ŋeš}si-ŋar gu₂-e₃,Q000039,453,0,siŋar[bolt]N_guʾe[textile]N
Q000039.454,405,mud[tube]N,{ŋeš}mud,Q000039,454,0,mud[tube]N
Q000039.455,406,gag[nail]N mud[tube]N,{ŋeš}gag mud,Q000039,455,0,gag[nail]N_mud[tube]N
Q000039.456,407,šerim[~loom]N,{ŋeš}šerim(TAG),Q000039,456,0,šerim[~loom]N
Q000039.457,408,šerim[~loom]N,{ŋeš}|TAG.TUG₂|,Q000039,457,0,šerim[~loom]N
Q000039.458,409,kura[~loom]N,{ŋeš}kur-ra,Q000039,458,0,kura[~loom]N
Q000039.459,410,nura[~loom]N,{ŋeš}nu-ra,Q000039,459,0,nura[~loom]N
Q000039.460,411,ilila[lever]N,{ŋeš}il₂-il₂,Q000039,460,0,ilila[lever]N
Q000039.461,412,barbar[shuttle]N,{ŋeš}bar-bar,Q000039,461,0,barbar[shuttle]N
Q000039.462,413,tugtug[~loom]N,{ŋeš}tug₂-tug₂,Q000039,462,0,tugtug[~loom]N
Q000039.463,414,niŋzu[~loom]N,{ŋeš}niŋ₂-zu,Q000039,463,0,niŋzu[~loom]N
Q000039.464,415,ŋešgina[~loom]N,{ŋeš}niŋ₂-gi-na,Q000039,464,0,ŋešgina[~loom]N
Q000039.465,416,niŋmenbulug[~loom]N,{ŋeš}niŋ₂-menbulug₂(|BULUG&BULUG|),Q000039,465,0,niŋmenbulug[~loom]N
Q000039.466,417,ašita[equipment]N tug[textile]N,{ŋeš}a₂-šu-du₇ tug₂,Q000039,466,0,ašita[equipment]N_tug[textile]N
Q000039.467,418,garig[comb]N,{ŋeš}ga-rig₂,Q000039,467,0,garig[comb]N
Q000039.468,419,garig[comb]N siki[hair]N,{ŋeš}ga-rig₂ siki,Q000039,468,0,garig[comb]N_siki[hair]N
Q000039.469,420,garig[comb]N saŋdu[head]N,{ŋeš}ga-rig₂ saŋ-du,Q000039,469,0,garig[comb]N_saŋdu[head]N
Q000039.470,421,garig[comb]N pa[branch]N mušen[bird]N,{ŋeš}ga-rig₂ pa mušen,Q000039,470,0,garig[comb]N_pa[branch]N_mušen[bird]N
Q000039.471,421a,garig[comb]N eban[pair]N,{ŋeš}ga-rig₂ e₂-pa-na,Q000039,471,0,garig[comb]N_eban[pair]N
Q000039.472,422,balak[spindle]N,{ŋeš}balak,Q000039,472,0,balak[spindle]N
Q000039.473,423,e[house]N balak[spindle]N,{ŋeš}e₂ balak,Q000039,473,0,e[house]N_balak[spindle]N
Q000039.474,424,saŋ[head]N balak[spindle]N,{ŋeš}saŋ balak,Q000039,474,0,saŋ[head]N_balak[spindle]N
Q000039.475,424a,{ŋeš}BAR[NA]NA balak[spindle]N,{ŋeš}BAR balak,Q000039,475,0,{ŋeš}BAR[NA]NA_balak[spindle]N
Q000039.476,425,mete[appropriate-thing]N balak[spindle]N,{ŋeš}me-te balak,Q000039,476,0,mete[appropriate-thing]N_balak[spindle]N
Q000039.477,426,ellag[ball]N,{ŋeš}ellag,Q000039,477,0,ellag[ball]N
Q000039.478,427,ŋešellag[tool]N,ŋeš-ellag,Q000039,478,0,ŋešellag[tool]N
Q000039.479,428,ellag[ball]N,{ŋeš}ellag,Q000039,479,0,ellag[ball]N
Q000039.480,429,madal[pole]N,{ŋeš}mudla(BU),Q000039,480,0,madal[pole]N
Q000039.481,430,madal[pole]N,{ŋeš}madla(BU),Q000039,481,0,madal[pole]N
Q000039.482,431,malalum[container]N,{ŋeš}malla(BU),Q000039,482,0,malalum[container]N
Q000039.483,432,gazinbu[pole]N,{ŋeš}gazinbu(BU),Q000039,483,0,gazinbu[pole]N
Q000039.484,433,sahargid[roller]N,{ŋeš}sahar-gid₂,Q000039,484,0,sahargid[roller]N
Q000039.485,434,ŋešpu[rim]N,ŋeš-bu,Q000039,485,0,ŋešpu[rim]N
Q000039.486,435,ŋešpu[rim]N mansim[sieve]N,ŋeš-bu {gi}ma-an-sim,Q000039,486,0,ŋešpu[rim]N_mansim[sieve]N
Q000039.487,435a,kim[willow]N mes[blackness]N,{ŋeš}kim₃ mes,Q000039,487,0,kim[willow]N_mes[blackness]N
Q000039.488,436,ŋešrin[scales]N,ŋeš-rin₂,Q000039,488,0,ŋešrin[scales]N
Q000039.489,437,ŋešrin[scales]N lub-lub-bi[NA]NA,ŋeš-rin₂ lub-lub-bi,Q000039,489,0,ŋešrin[scales]N_lub-lub-bi[NA]NA
Q000039.490,438,ŋešrin[scales]N aš[one]NU gun[load]N,ŋeš-rin₂ aš gun,Q000039,490,0,ŋešrin[scales]N_aš[one]NU_gun[load]N
Q000039.491,439,ŋešrin[scales]N mana[unit]N,ŋeš-rin₂ ma-na,Q000039,491,0,ŋešrin[scales]N_mana[unit]N
Q000039.492,440,e[house]N ŋešrin[scales]N,{ŋeš}e₂ rin₂,Q000039,492,0,e[house]N_ŋešrin[scales]N
Q000039.493,441,dilim[spoon]N ŋešrin[scales]N,{ŋeš}dilim₂ rin₂,Q000039,493,0,dilim[spoon]N_ŋešrin[scales]N
Q000039.494,442,apin[plow]N,{ŋeš}apin,Q000039,494,0,apin[plow]N
Q000039.495,443,apin[plow]N šu[hand]N,{ŋeš}apin šu,Q000039,495,0,apin[plow]N_šu[hand]N
Q000039.496,444,apin[plow]N šudu[equipped]AJ,{ŋeš}apin šu-du₇,Q000039,496,0,apin[plow]N_šudu[equipped]AJ
Q000039.497,445,apin[plow]N šudu[equipped]AJ,{ŋeš}apin šu-nu-du₇,Q000039,497,0,apin[plow]N_šudu[equipped]AJ
Q000039.498,446,apin[plow]N tugsaga[plow]N,{ŋeš}apin tug₂-saga₁₁,Q000039,498,0,apin[plow]N_tugsaga[plow]N
Q000039.499,447,apin[plow]N saŋ[head]N e[leave]V/i,{ŋeš}apin saŋ e₃,Q000039,499,0,apin[plow]N_saŋ[head]N_e[leave]V/i
Q000039.500,448,apin[plow]N gud[ox]N limmu[four]NU la[hang]V/t,{ŋeš}apin gud limmu la₂,Q000039,500,0,apin[plow]N_gud[ox]N_limmu[four]NU_la[hang]V/t
Q000039.501,449,saŋ[head]N apin[plow]N,{ŋeš}saŋ apin,Q000039,501,0,saŋ[head]N_apin[plow]N
Q000039.502,450,eme[tongue]N apin[plow]N,{ŋeš}eme apin,Q000039,502,0,eme[tongue]N_apin[plow]N
Q000039.503,451,kašu[~plow]N apin[plow]N,{ŋeš}ka-šu₂ apin,Q000039,503,0,kašu[~plow]N_apin[plow]N
Q000039.504,452,šusaŋ[compressor]N apin[plow]N,{ŋeš}šu-saŋ apin,Q000039,504,0,šusaŋ[compressor]N_apin[plow]N
Q000039.505,452a,igiŋal[~plow]N apin[plow]N,{ŋeš}igi-ŋal₂ apin,Q000039,505,0,igiŋal[~plow]N_apin[plow]N
Q000039.506,453,niŋkud[~plowshare]N apin[plow]N,{ŋeš}niŋ₂-kud apin,Q000039,506,0,niŋkud[~plowshare]N_apin[plow]N
Q000039.507,454,niŋŋeštug[~plow]N apin[plow]N,{ŋeš}niŋ₂-ŋeštug apin,Q000039,507,0,niŋŋeštug[~plow]N_apin[plow]N
Q000039.508,455,sala[~plow]N apin[plow]N,{ŋeš}sal-la apin,Q000039,508,0,sala[~plow]N_apin[plow]N
Q000039.509,456,gag[nail]N sala[~plow]N apin[plow]N,{ŋeš}gag sal-la apin,Q000039,509,0,gag[nail]N_sala[~plow]N_apin[plow]N
Q000039.510,457,nig[~plow]N apin[plow]N,{ŋeš}nig apin,Q000039,510,0,nig[~plow]N_apin[plow]N
Q000039.511,458,gag[nail]N nig[~plow]N apin[plow]N,{ŋeš}gag nig apin,Q000039,511,0,gag[nail]N_nig[~plow]N_apin[plow]N
Q000039.512,459,šudul[yoke]N apin[plow]N,{ŋeš}šu₂-dul₄ apin,Q000039,512,0,šudul[yoke]N_apin[plow]N
Q000039.513,460,gag[nail]N šudul[yoke]N apin[plow]N,{ŋeš}gag šudul apin,Q000039,513,0,gag[nail]N_šudul[yoke]N_apin[plow]N
Q000039.514,460a,muš[snake]N apin[plow]N,{ŋeš}muš apin,Q000039,514,0,muš[snake]N_apin[plow]N
Q000039.515,460b,gag[nail]N muš[snake]N apin[plow]N,{ŋeš}gag muš apin,Q000039,515,0,gag[nail]N_muš[snake]N_apin[plow]N
Q000039.516,461,da[side-board]N apin[plow]N,{ŋeš}da apin,Q000039,516,0,da[side-board]N_apin[plow]N
Q000039.517,461a,a[arm]N apin[plow]N,{ŋeš}a₂ apin,Q000039,517,0,a[arm]N_apin[plow]N
Q000039.518,462,{ŋeš}gan[NA]NA apin[plow]N,{ŋeš}gan apin,Q000039,518,0,{ŋeš}gan[NA]NA_apin[plow]N
Q000039.519,463,leʾum[board]N apin[plow]N,{ŋeš}le apin,Q000039,519,0,leʾum[board]N_apin[plow]N
Q000039.520,464,ninda[seed-funnel]N apin[plow]N,{ŋeš}ninda₂ apin,Q000039,520,0,ninda[seed-funnel]N_apin[plow]N
Q000039.521,465,a[arm]N gud[ox]N apin[plow]N,{ŋeš}a₂ gud apin,Q000039,521,0,a[arm]N_gud[ox]N_apin[plow]N
Q000039.522,466,anzam[vessel]N apin[plow]N,{ŋeš}an-za-am apin,Q000039,522,0,anzam[vessel]N_apin[plow]N
Q000039.523,467,gag[nail]N sa[sinew]N la[hang]V/t,{ŋeš}gag sa la₂,Q000039,523,0,gag[nail]N_sa[sinew]N_la[hang]V/t
Q000039.524,468,ŋušur[harrow]N,{ŋeš}gana₂-ur₃,Q000039,524,0,ŋušur[harrow]N
Q000039.525,469,ŋušur[harrow]N sar[garden]N,{ŋeš}gana₂-ur₃ sar,Q000039,525,0,ŋušur[harrow]N_sar[garden]N
Q000039.526,470,ŋušur[harrow]N zu[tooth]N gal[big]V/i,{ŋeš}gana₂-ur₃ zu₂ gal-gal,Q000039,526,0,ŋušur[harrow]N_zu[tooth]N_gal[big]V/i
Q000039.527,471,sa[sinew]N ŋušur[harrow]N,{ŋeš}sa gana₂-ur₃,Q000039,527,0,sa[sinew]N_ŋušur[harrow]N
Q000039.528,472,u[ride]V/t ŋušur[harrow]N,{ŋeš}u₅ gana₂-ur₃,Q000039,528,0,u[ride]V/t_ŋušur[harrow]N
Q000039.529,473,saŋ[head]N ŋušur[harrow]N,{ŋeš}saŋ gana₂-ur₃,Q000039,529,0,saŋ[head]N_ŋušur[harrow]N
Q000039.530,474,damga[~plow]N,{ŋeš}da-an-ga,Q000039,530,0,damga[~plow]N
Q000039.531,475,suhur[tool]N,{ŋeš}suhur,Q000039,531,0,suhur[tool]N
Q000039.532,476,suhur[tool]N gud[ox]N,{ŋeš}suhur gud,Q000039,532,0,suhur[tool]N_gud[ox]N
Q000039.533,477,al[hoe]N,{ŋeš}al,Q000039,533,0,al[hoe]N
Q000039.534,478,al[hoe]N zu[tooth]N,{ŋeš}al zu₂,Q000039,534,0,al[hoe]N_zu[tooth]N
Q000039.535,479,alšub[tool]N,{ŋeš}al-šub,Q000039,535,0,alšub[tool]N
Q000039.536,480,al[hoe]N zu[tooth]N min[two]NU,{ŋeš}al zu₂ min,Q000039,536,0,al[hoe]N_zu[tooth]N_min[two]NU
Q000039.537,481,al[hoe]N zu[tooth]N eš[three]NU,{ŋeš}al zu₂ eš₅,Q000039,537,0,al[hoe]N_zu[tooth]N_eš[three]NU
Q000039.538,482,al[hoe]N zu[tooth]N limmu[four]NU,{ŋeš}al zu₂ limmu,Q000039,538,0,al[hoe]N_zu[tooth]N_limmu[four]NU
Q000039.539,483,ušub[brick-mold]N,{ŋeš}u₃-šub,Q000039,539,0,ušub[brick-mold]N
Q000039.540,484,ušub[brick-mold]N ab[window]N,{ŋeš}u₃-šub ab,Q000039,540,0,ušub[brick-mold]N_ab[window]N
Q000039.541,485,ušub[brick-mold]N šeg[brick]N,{ŋeš}u₃-šub šeg₁₂,Q000039,541,0,ušub[brick-mold]N_šeg[brick]N
Q000039.542,486,ušub[brick-mold]N šeg[brick]N alura[baked]AJ,{ŋeš}u₃-šub šeg₁₂ al-ur₅-ra,Q000039,542,0,ušub[brick-mold]N_šeg[brick]N_alura[baked]AJ
Q000039.543,487,gag[nail]N dud[mound]N bal[dig]V/t,{ŋeš}gag du₆ ba-al,Q000039,543,0,gag[nail]N_dud[mound]N_bal[dig]V/t
Q000039.544,488,gag[nail]N šum[garlic]N bal[dig]V/t,{ŋeš}gag šum₂ ba-al,Q000039,544,0,gag[nail]N_šum[garlic]N_bal[dig]V/t
Q000039.545,489,gag[nail]N šum[garlic]N sal[thin]V/i,{ŋeš}gag šum₂ sal,Q000039,545,0,gag[nail]N_šum[garlic]N_sal[thin]V/i
Q000039.546,490,gag[nail]N šum[garlic]N širdili[~garlic]N,{ŋeš}gag šum₂ šir-dili,Q000039,546,0,gag[nail]N_šum[garlic]N_širdili[~garlic]N
Q000039.547,491,zirigum[irrigation-device]N,{ŋeš}zi-ri₂-gum,Q000039,547,0,zirigum[irrigation-device]N
Q000039.548,492,gu[neck]N zirigum[irrigation-device]N,{ŋeš}gu₂ zi-ri₂-gum,Q000039,548,0,gu[neck]N_zirigum[irrigation-device]N
Q000039.549,493,namnutare[~irrigation]N,{ŋeš}nam-nu-tar-re,Q000039,549,0,namnutare[~irrigation]N
Q000039.550,494,I.LU[~irrigation]N,{ŋeš}|I.LU|,Q000039,550,0,I.LU[~irrigation]N
Q000039.551,495,I.DIB[~irrigation]N,{ŋeš}|I.DIB|,Q000039,551,0,I.DIB[~irrigation]N
Q000039.552,496,tukul[weapon]N,{ŋeš}tukul,Q000039,552,0,tukul[weapon]N
Q000039.553,497,tukul[weapon]N šu[hand]N,{ŋeš}tukul šu,Q000039,553,0,tukul[weapon]N_šu[hand]N
Q000039.554,498,tukul[weapon]N ur[root]N,{ŋeš}tukul ur₂,Q000039,554,0,tukul[weapon]N_ur[root]N
Q000039.555,499,tukul[weapon]N kun[tail]N,{ŋeš}tukul kun,Q000039,555,0,tukul[weapon]N_kun[tail]N
Q000039.556,500,mitum[weapon]N,{ŋeš}mitum,Q000039,556,0,mitum[weapon]N
Q000039.557,501,tukul[weapon]N gaz[kill]V/t,{ŋeš}tukul gaz,Q000039,557,0,tukul[weapon]N_gaz[kill]V/t
Q000039.558,501a,tukul[weapon]N mah[great]V/i,{ŋeš}tukul mah,Q000039,558,0,tukul[weapon]N_mah[great]V/i
Q000039.559,502,saŋ[head]N tukul[weapon]N,{ŋeš}saŋ tukul,Q000039,559,0,saŋ[head]N_tukul[weapon]N
Q000039.560,503,aga[rear]N tukul[weapon]N,{ŋeš}a-ga tukul,Q000039,560,0,aga[rear]N_tukul[weapon]N
Q000039.561,504,mitum[weapon]N,{ŋeš}mi-tum,Q000039,561,0,mitum[weapon]N
Q000039.562,505,mitum[weapon]N saŋ[head]N ninnu[fifty]NU,{ŋeš}mi-tum saŋ ninnu,Q000039,562,0,mitum[weapon]N_saŋ[head]N_ninnu[fifty]NU
Q000039.563,506,udug[weapon]N,{ŋeš}udug₂,Q000039,563,0,udug[weapon]N
Q000039.564,507,udug[weapon]N saŋ[head]N ninnu[fifty]NU,{ŋeš}udug₂ saŋ ninnu,Q000039,564,0,udug[weapon]N_saŋ[head]N_ninnu[fifty]NU
Q000039.565,508,dur[board]N,{ŋeš}dur₂,Q000039,565,0,dur[board]N
Q000039.566,509,dur[board]N bisaŋ[basket]N,{ŋeš}dur₂ bisaŋ,Q000039,566,0,dur[board]N_bisaŋ[basket]N
Q000039.567,510,dur[board]N ab[window]N,{ŋeš}dur₂ ab,Q000039,567,0,dur[board]N_ab[window]N
Q000039.568,511,dur[board]N šeg[brick]N,{ŋeš}dur₂ šeg₁₂,Q000039,568,0,dur[board]N_šeg[brick]N
Q000039.569,512,dur[board]N šeg[brick]N alura[baked]AJ,{ŋeš}dur₂ šeg₁₂ al-ur₅-ra,Q000039,569,0,dur[board]N_šeg[brick]N_alura[baked]AJ
Q000039.570,513,dur[board]N ešŋar[part-of-a-loom]N,{ŋeš}dur₂ eš-ŋar,Q000039,570,0,dur[board]N_ešŋar[part-of-a-loom]N
Q000039.571,514,bar[outside]V/t ešŋar[part-of-a-loom]N,{ŋeš}bar eš-ŋar,Q000039,571,0,bar[outside]V/t_ešŋar[part-of-a-loom]N
Q000039.572,515,lidga[vessel]N,{ŋeš}lid₂-ga,Q000039,572,0,lidga[vessel]N
Q000039.573,516,bariga[unit]N,{ŋeš}ba-ri₂-ga,Q000039,573,0,bariga[unit]N
Q000039.574,517,ban[unit]N,{ŋeš}ba-an,Q000039,574,0,ban[unit]N
Q000039.575,518,ban[unit]N ya[five]NU sila[unit]N,{ŋeš}ba-an ia₂ sila₃,Q000039,575,0,ban[unit]N_ya[five]NU_sila[unit]N
Q000039.576,519,niŋ[thing]N min[two]NU sila[unit]N,{ŋeš}niŋ₂ min sila₃,Q000039,576,0,niŋ[thing]N_min[two]NU_sila[unit]N
Q000039.577,520,ŋeš[tree]N diš[one]NU sila[unit]N,ŋeš diš sila₃,Q000039,577,0,ŋeš[tree]N_diš[one]NU_sila[unit]N
Q000039.578,521,ŋeš[tree]N 1/2(diš)[NA]NA sila[unit]N,ŋeš 1/2(diš) sila₃,Q000039,578,0,ŋeš[tree]N_1/2(diš)[NA]NA_sila[unit]N
Q000039.579,522,ŋeš[tree]N šušana[fraction]N sila[unit]N,ŋeš šušana sila₃,Q000039,579,0,ŋeš[tree]N_šušana[fraction]N_sila[unit]N
Q000039.580,523,ŋeš[tree]N šanabi[two-thirds]N sila[unit]N,ŋeš šanabi sila₃,Q000039,580,0,ŋeš[tree]N_šanabi[two-thirds]N_sila[unit]N
Q000039.581,524,ŋeš[tree]N u[ten]NU giŋ[unit]N,ŋeš u giŋ₄,Q000039,581,0,ŋeš[tree]N_u[ten]NU_giŋ[unit]N
Q000039.582,525,ŋeš[tree]N ya[five]NU giŋ[unit]N,ŋeš ia₂ giŋ₄,Q000039,582,0,ŋeš[tree]N_ya[five]NU_giŋ[unit]N
Q000039.583,525a,ŋeš[tree]N eš[three]NU giŋ[unit]N,ŋeš eš₅ giŋ₄,Q000039,583,0,ŋeš[tree]N_eš[three]NU_giŋ[unit]N
Q000039.584,525b,ŋeš[tree]N min[two]NU giŋ[unit]N,ŋeš min giŋ₄,Q000039,584,0,ŋeš[tree]N_min[two]NU_giŋ[unit]N
Q000039.585,526,ŋeš[tree]N diš[one]NU giŋ[unit]N,ŋeš diš giŋ₄,Q000039,585,0,ŋeš[tree]N_diš[one]NU_giŋ[unit]N
Q000039.586,527,sa[net]N,{ŋeš}sa,Q000039,586,0,sa[net]N
Q000039.587,528,sa[net]N gal[big]V/i,{ŋeš}sa gal,Q000039,587,0,sa[net]N_gal[big]V/i
Q000039.588,529,sa[net]N sig[weak]V/i,{ŋeš}sa sig,Q000039,588,0,sa[net]N_sig[weak]V/i
Q000039.589,530,saʾur[net]N,{ŋeš}sa-ur₃,Q000039,589,0,saʾur[net]N
Q000039.590,531,sa[net]N gi[thicket]N,{ŋeš}sa {ŋeš}gi,Q000039,590,0,sa[net]N_gi[thicket]N
Q000039.591,532,sašušgal[net]N,{ŋeš}sa-šu-uš-gal,Q000039,591,0,sašušgal[net]N
Q000039.592,533,sahir[net]N,{ŋeš}sa-hir,Q000039,592,0,sahir[net]N
Q000039.593,534,sadu[net]N,{ŋeš}sa-du₃,Q000039,593,0,sadu[net]N
Q000039.594,535,sa[net]N NI[NA]NA,{ŋeš}sa NI,Q000039,594,0,sa[net]N_NI[NA]NA
Q000039.595,536,harmušen[snare]N,{ŋeš}har-mušen,Q000039,595,0,harmušen[snare]N
Q000039.596,537,ŋidru[scepter]N harmušen[snare]N,{ŋeš}ŋidru har-mušen-na,Q000039,596,0,ŋidru[scepter]N_harmušen[snare]N
Q000039.597,538,gur[rim]N harmušen[snare]N,{ŋeš}gur₂ har-mušen-na,Q000039,597,0,gur[rim]N_harmušen[snare]N
Q000039.598,539,ellaŋdu[trap]N,{ŋeš}ellaŋ₂-du,Q000039,598,0,ellaŋdu[trap]N
Q000039.599,540,ellaŋdu[trap]N tur[small]V/i,{ŋeš}ellaŋ₂-du tur,Q000039,599,0,ellaŋdu[trap]N_tur[small]V/i
Q000039.600,541,šul[youth]V/i katar[praise]N,{ŋeš}šul ka-tar,Q000039,600,0,šul[youth]V/i_katar[praise]N
Q000039.601,541a,šul[youth]V/i |HI×AŠ₂|[NA]NA tur[small]V/i,{ŋeš}šul |HI×AŠ₂| tur,Q000039,601,0,šul[youth]V/i_|HI×AŠ₂|[NA]NA_tur[small]V/i
Q000039.602,542,{ŋeš}šu-DU[NA]NA,{ŋeš}šu-DU,Q000039,602,0,{ŋeš}šu-DU[NA]NA
Q000039.603,543,igiŋal[sign]N,{ŋeš}igi-ŋal₂,Q000039,603,0,igiŋal[sign]N
Q000039.604,544,ligima[shoot]N,{ŋeš}ligima(|IGI.TUR.TUR|),Q000039,604,0,ligima[shoot]N
Q000039.605,545,ligima[shoot]N,{ŋeš}ligima(|IGI.TUR.TUR|),Q000039,605,0,ligima[shoot]N
Q000039.606,546,ligima[shoot]N,{ŋeš}ligima(|IGI.TUR.TUR|),Q000039,606,0,ligima[shoot]N
Q000039.607,547,dala[thorn]N,{ŋeš}dala₂(|IGI.NI|),Q000039,607,0,dala[thorn]N
Q000039.608,547a,dala[thorn]N,{ŋeš}dala₂(|IGI.NI|),Q000039,608,0,dala[thorn]N
Q000039.609,548,šukur[lance]N,{ŋeš}šukur,Q000039,609,0,šukur[lance]N
Q000039.610,549,zamrutum[lance]N,{ŋeš}za-am-ru-tum,Q000039,610,0,zamrutum[lance]N
Q000039.611,550,šunir[emblem]N,{ŋeš}šu-nir,Q000039,611,0,šunir[emblem]N
Q000039.612,551,gida[spear]N,{ŋeš}gid₂-da,Q000039,612,0,gida[spear]N
Q000039.613,551a,luguda[object]N,{ŋeš}lugud₂-da,Q000039,613,0,luguda[object]N
Q000039.614,552,illar[weapon]N,{ŋeš}illar,Q000039,614,0,illar[weapon]N
Q000039.615,552a,illar[weapon]N šu[hand]N lugal[king]N,{ŋeš}illar šu lugal,Q000039,615,0,illar[weapon]N_šu[hand]N_lugal[king]N
Q000039.616,553,illar[weapon]N šub[fall]V/t,{ŋeš}illar šub,Q000039,616,0,illar[weapon]N_šub[fall]V/t
Q000039.617,554,illar[weapon]N eban[pair]N,{ŋeš}illar e-ba-an,Q000039,617,0,illar[weapon]N_eban[pair]N
Q000039.618,554a,illar[weapon]N NUN[NA]NA dili[single]V/i,{ŋeš}illar NUN dili,Q000039,618,0,illar[weapon]N_NUN[NA]NA_dili[single]V/i
Q000039.619,554b,illar[weapon]N DU@s[NA]NA DU-a[NA]NA,{ŋeš}illar DU@s DU-a,Q000039,619,0,illar[weapon]N_DU@s[NA]NA_DU-a[NA]NA
Q000039.620,554c,{ŋeš}LAGAB[NA]NA illar[weapon]N,{ŋeš}LAGAB illar,Q000039,620,0,{ŋeš}LAGAB[NA]NA_illar[weapon]N
Q000039.621,555,pana[bow]N,{ŋeš}pana,Q000039,621,0,pana[bow]N
Q000039.622,556,epana[quiver]N,{ŋeš}e₂-pana,Q000039,622,0,epana[quiver]N
Q000039.623,557,kakpana[arrow]N,{ŋeš}kak-pana,Q000039,623,0,kakpana[arrow]N
Q000039.624,558,gagsisa[arrow]N,{ŋeš}gag-si-sa₂,Q000039,624,0,gagsisa[arrow]N
Q000039.625,559,gag[nail]N si[horn]N eš[three]NU,{ŋeš}gag si eš,Q000039,625,0,gag[nail]N_si[horn]N_eš[three]NU
Q000039.626,560,esad[trap]N,{ŋeš}es₂-ad,Q000039,626,0,esad[trap]N
Q000039.627,561,saʾad[trap?]N,{ŋeš}sa-ad,Q000039,627,0,saʾad[trap?]N
Q000039.628,562,lubi[ax]N,{ŋeš}lib-bi-da,Q000039,628,0,lubi[ax]N
Q000039.629,563,habuda[hoe]N,{ŋeš}ha-bu-da,Q000039,629,0,habuda[hoe]N
Q000039.630,564,igiŋal[weapon]N,{ŋeš}igi-ŋal₂,Q000039,630,0,igiŋal[weapon]N
Q000039.631,565,giŋ[ax]N,{ŋeš}giŋ₄,Q000039,631,0,giŋ[ax]N
Q000039.632,566,giŋsal[hoe]N,{ŋeš}giŋ₄-sal,Q000039,632,0,giŋsal[hoe]N
Q000039.633,567,aga[ax]N,{ŋeš}aga,Q000039,633,0,aga[ax]N
Q000039.634,568,aga.DUN₃@g.ma[ax]N,{ŋeš}aga-DUN₃@g-ma,Q000039,634,0,aga.DUN₃@g.ma[ax]N
Q000039.635,569,agasilig[ax]N,{ŋeš}aga-silig,Q000039,635,0,agasilig[ax]N
Q000039.636,570,aga[ax]N aʾašŋar[ax]N,{ŋeš}aga a₂-aš-ŋar,Q000039,636,0,aga[ax]N_aʾašŋar[ax]N
Q000039.637,571,kušedim[tool]N,{ŋeš}kuš₃-e-dim₂,Q000039,637,0,kušedim[tool]N
Q000039.638,572,{ŋeš}KID[NA]NA aʾašŋar[ax]N,{ŋeš}KID a₂-ŋar,Q000039,638,0,{ŋeš}KID[NA]NA_aʾašŋar[ax]N
Q000039.639,573,{ŋeš}KID[NA]NA tukul[weapon]N mah[great]V/i,{ŋeš}KID tukul mah,Q000039,639,0,{ŋeš}KID[NA]NA_tukul[weapon]N_mah[great]V/i
Q000039.640,574,gidim[fork]N,{ŋeš}gi₂-dim,Q000039,640,0,gidim[fork]N
Q000039.641,575,gidim[fork]N tur[small]V/i,{ŋeš}gi₂-dim tur,Q000039,641,0,gidim[fork]N_tur[small]V/i
Q000039.642,576,usakar[moon]N,{ŋeš}u₄-sakar,Q000039,642,0,usakar[moon]N
Q000039.643,577,gag[nail]N usakar[moon]N,{ŋeš}gag u₄-sakar,Q000039,643,0,gag[nail]N_usakar[moon]N
Q000039.644,578,nisakar[agricultural-tool]N,{ŋeš}ni₃-sakar,Q000039,644,0,nisakar[agricultural-tool]N
Q000039.645,579,nisakar[agricultural-tool]N burud[perforate]V/t,{ŋeš}ni₃-sakar burudₓ(U)-burudₓ(U),Q000039,645,0,nisakar[agricultural-tool]N_burud[perforate]V/t
Q000039.646,580,mar[shovel]N,{ŋeš}mar,Q000039,646,0,mar[shovel]N
Q000039.647,581,maršu[spade]N,{ŋeš}mar-šu,Q000039,647,0,maršu[spade]N
Q000039.648,582,mar[shovel]N ninda[bread]N,{ŋeš}mar ninda,Q000039,648,0,mar[shovel]N_ninda[bread]N
Q000039.649,583,mar[shovel]N ninda[bread]N sag[rare]V/i,{ŋeš}mar ninda sag₁₀,Q000039,649,0,mar[shovel]N_ninda[bread]N_sag[rare]V/i
Q000039.650,584,mar[shovel]N niŋsur[beer]N,{ŋeš}mar niŋ₂-sur,Q000039,650,0,mar[shovel]N_niŋsur[beer]N
Q000039.651,585,mar[shovel]N im[clay]N,{ŋeš}mar im,Q000039,651,0,mar[shovel]N_im[clay]N
Q000039.652,586,maršebad[winnowing-shovel]N,{ŋeš}mar-še-bad,Q000039,652,0,maršebad[winnowing-shovel]N
Q000039.653,587,mar[shovel]N še[barley]N DU₃[NA]NA,{ŋeš}mar še DU₃,Q000039,653,0,mar[shovel]N_še[barley]N_DU₃[NA]NA
Q000039.654,588,mar[shovel]N zabar[bronze]N,{ŋeš}mar zabar,Q000039,654,0,mar[shovel]N_zabar[bronze]N
Q000039.655,589,{ŋeš}ŠID[NA]NA mar[shovel]N,{ŋeš}ŠID mar,Q000039,655,0,{ŋeš}ŠID[NA]NA_mar[shovel]N
Q000039.656,590,eme[tongue]N mar[shovel]N,{ŋeš}eme mar,Q000039,656,0,eme[tongue]N_mar[shovel]N
Q000039.657,591,kul[handle]N mar[shovel]N,{ŋeš}kul mar,Q000039,657,0,kul[handle]N_mar[shovel]N
Q000039.658,592,sugin[rot]N,{ŋeš}sugin(BAD),Q000039,658,0,sugin[rot]N
Q000039.659,593,sugin[rot]N,{ŋeš}sugin(BAD),Q000039,659,0,sugin[rot]N
Q000039.660,594,sugin[rot]N,{ŋeš}sugin(BAD),Q000039,660,0,sugin[rot]N
Q000039.661,595,dagsi[hook]N,{ŋeš}dag-si,Q000039,661,0,dagsi[hook]N
Q000039.662,596,dagsi[hook]N eban[pair]N,{ŋeš}dag-si e-ba-na,Q000039,662,0,dagsi[hook]N_eban[pair]N
Q000039.663,597,balaŋ[instrument]N,{ŋeš}balaŋ,Q000039,663,0,balaŋ[instrument]N
Q000039.664,598,balaŋdi[instrument]N,{ŋeš}balaŋ-di,Q000039,664,0,balaŋdi[instrument]N
Q000039.665,599,{ŋeš}x-balaŋ[NA]NA,{ŋeš}x-balaŋ,Q000039,665,0,{ŋeš}x-balaŋ[NA]NA
Q000039.666,600,ala[drum]N,{ŋeš}a₂-la₂,Q000039,666,0,ala[drum]N
Q000039.667,601,alŋar[instrument]N,{ŋeš}al-ŋar,Q000039,667,0,alŋar[instrument]N
Q000039.668,602,alŋarsur[drumstick]N,{ŋeš}al-ŋar-sur₉,Q000039,668,0,alŋarsur[drumstick]N
Q000039.669,603,sabitum[instrument]N,{ŋeš}sa-bi₂-tum,Q000039,669,0,sabitum[instrument]N
Q000039.670,604,miritum[instrument]N,{ŋeš}mi-ri₂-tum,Q000039,670,0,miritum[instrument]N
Q000039.671,605,urzababitum[instrument]N,{ŋeš}ur-za-ba-bi₂-tum,Q000039,671,0,urzababitum[instrument]N
Q000039.672,606,urgula[instrument]N,{ŋeš}ur-gu-la,Q000039,672,0,urgula[instrument]N
Q000039.673,607,harhar[instrument]N,{ŋeš}har-har,Q000039,673,0,harhar[instrument]N
Q000039.674,608,{ŋeš}NIG₂-kinkin[NA]NA,{ŋeš}NIG₂-kinkin,Q000039,674,0,{ŋeš}NIG₂-kinkin[NA]NA
Q000039.675,609,{ŋeš}AN[NA]NA x[NA]NA ŋal₂[NA]NA,{ŋeš}AN x ŋal₂,Q000039,675,0,{ŋeš}AN[NA]NA_x[NA]NA_ŋal₂[NA]NA
Q000039.676,609a,dim[post]N maršum[bed]N,{ŋeš}dim₃ mar-šu,Q000039,676,0,dim[post]N_maršum[bed]N
Q000039.677,609b,dimlumagurak[instrument]N,{ŋeš}dim₃-{lu₂}ma₂-gur₈,Q000039,677,0,dimlumagurak[instrument]N
Q000039.678,610,zamin[lyre]N,{ŋeš}za₃-mi₂,Q000039,678,0,zamin[lyre]N
Q000039.679,611,kul[handle]N zamin[lyre]N,{ŋeš}kul za₃-mi₂,Q000039,679,0,kul[handle]N_zamin[lyre]N
Q000039.680,612,dub[tablet]N zamin[lyre]N,{ŋeš}dub za₃-mi₂,Q000039,680,0,dub[tablet]N_zamin[lyre]N
Q000039.681,613,tigidlu[instrument]N,{ŋeš}tigidla,Q000039,681,0,tigidlu[instrument]N
Q000039.682,614,tigidlu[instrument]N kaskal[way]N,{ŋeš}tigidla kaskal,Q000039,682,0,tigidlu[instrument]N_kaskal[way]N
Q000039.683,615,tigidlu[instrument]N sa[sinew]N eš[three]NU,{ŋeš}tigidla sa eš₅,Q000039,683,0,tigidlu[instrument]N_sa[sinew]N_eš[three]NU
Q000039.684,616,tigidlu[instrument]N Elam[1]GN,{ŋeš}tigidla elam-ma,Q000039,684,0,tigidlu[instrument]N_Elam[1]GN
Q000039.685,617,ŋešgudi[instrument]N,ŋeš-gu₃-di,Q000039,685,0,ŋešgudi[instrument]N
Q000039.686,618,dua[instrument]N,{ŋeš}du₃-a,Q000039,686,0,dua[instrument]N
Q000039.687,619,šukarak[instrument]N,{ŋeš}šu-kara₂,Q000039,687,0,šukarak[instrument]N
Q000039.688,620,šu[handle]N,{ŋeš}šu,Q000039,688,0,šu[handle]N
Q000039.689,621,ebir[vessel-stand]N,{ŋeš}ebir,Q000039,689,0,ebir[vessel-stand]N
Q000039.690,622,ebir[vessel-stand]N a[water]N,{ŋeš}ebir a,Q000039,690,0,ebir[vessel-stand]N_a[water]N
Q000039.691,623,ebir[vessel-stand]N kaš[beer]N,{ŋeš}ebir kaš,Q000039,691,0,ebir[vessel-stand]N_kaš[beer]N
Q000039.692,624,ganum[stand]N,{ŋeš}ga-an-nu,Q000039,692,0,ganum[stand]N
Q000039.693,625,ganum[stand]N a[water]N,{ŋeš}ga-an-nu a,Q000039,693,0,ganum[stand]N_a[water]N
Q000039.694,626,ganum[stand]N ga[milk]N,{ŋeš}ga-an-nu ga,Q000039,694,0,ganum[stand]N_ga[milk]N
Q000039.695,627,ganum[stand]N kaš[beer]N,{ŋeš}ga-an-nu kaš,Q000039,695,0,ganum[stand]N_kaš[beer]N
Q000039.696,627a,ebir[vessel-stand]N dug[pot]N imin[seven]NU,{ŋeš}ebir dug imin,Q000039,696,0,ebir[vessel-stand]N_dug[pot]N_imin[seven]NU
Q000039.697,628,ebir[vessel-stand]N gub[stand]V/i,{ŋeš}ebir gub,Q000039,697,0,ebir[vessel-stand]N_gub[stand]V/i
Q000039.698,629,zabar[bronze]N gub[stand]V/i,{ŋeš}zabar gub,Q000039,698,0,zabar[bronze]N_gub[stand]V/i
Q000039.699,630,magaz[bench]N,{ŋeš}ma₂-gaz,Q000039,699,0,magaz[bench]N
Q000039.700,631,magaz[bench]N burud[perforate]V/t,{ŋeš}ma₂-gaz burudₓ(U)-burudₓ(U),Q000039,700,0,magaz[bench]N_burud[perforate]V/t
Q000039.701,632,innušugura[chopper]N,{ŋeš}in-nu-šu-gur₁₀-a,Q000039,701,0,innušugura[chopper]N
Q000039.702,633,ŋešpaphalla[trap?]N,ŋeš-pap-hal-la,Q000039,702,0,ŋešpaphalla[trap?]N
Q000039.703,634,gud.si.AŠ[ram]N,{ŋeš}gud-si-dili,Q000039,703,0,gud.si.AŠ[ram]N
Q000039.704,635,zu[tooth]N gud.si.AŠ[ram]N,{ŋeš}zu₂ gud-si-AŠ,Q000039,704,0,zu[tooth]N_gud.si.AŠ[ram]N
Q000039.705,636,eme[tongue]N gud.si.AŠ[ram]N,{ŋeš}eme gud-si-AŠ,Q000039,705,0,eme[tongue]N_gud.si.AŠ[ram]N
Q000039.706,637,murgu[shoulder]N gud.si.AŠ[ram]N,{ŋeš}murgu gud-si-AŠ,Q000039,706,0,murgu[shoulder]N_gud.si.AŠ[ram]N
Q000039.707,638,ŋešpu[rim]N gud.si.AŠ[ram]N,{ŋeš}ŋešpu₂ gud-si-AŠ,Q000039,707,0,ŋešpu[rim]N_gud.si.AŠ[ram]N
Q000039.708,639,zena[weapon]N,{ŋeš}ze₂-na,Q000039,708,0,zena[weapon]N
Q000039.709,640,zena[weapon]N mah[great]V/i,{ŋeš}ze₂-na mah,Q000039,709,0,zena[weapon]N_mah[great]V/i
Q000039.710,641,ŋušur[beam]N TUG₂[NA]NA,{ŋeš}ur₂ TUG₂,Q000039,710,0,ŋušur[beam]N_TUG₂[NA]NA
Q000039.711,642,ŋušur[beam]N eš[three]NU,ŋeš-ur₂ eš₅,Q000039,711,0,ŋušur[beam]N_eš[three]NU
Q000039.712,643,ŋušur[beam]N limmu[four]NU,ŋeš-ur₂ limmu,Q000039,712,0,ŋušur[beam]N_limmu[four]NU
Q000039.713,644,ŋušur[beam]N tal[broad]V/i,ŋeš-ur₂ tal₂,Q000039,713,0,ŋušur[beam]N_tal[broad]V/i
Q000039.714,645,ŋisal[rudder]N,{ŋeš}ŋisal,Q000039,714,0,ŋisal[rudder]N
Q000039.715,646,ŋisal[rudder]N šu[hand]N,{ŋeš}ŋisal šu,Q000039,715,0,ŋisal[rudder]N_šu[hand]N
Q000039.716,647,ŋisal[rudder]N ŋiri[foot]N,{ŋeš}ŋisal ŋiri₃,Q000039,716,0,ŋisal[rudder]N_ŋiri[foot]N
Q000039.717,648,gam[crook]N,{ŋeš}kab,Q000039,717,0,gam[crook]N
Q000039.718,649,gam[crook]N ŋiri[dagger]N,{ŋeš}kab ŋiri₂,Q000039,718,0,gam[crook]N_ŋiri[dagger]N
Q000039.719,649a,gam[crook]N ŋiri[dagger]N šuʾi[barber]N,{ŋeš}kab ŋiri₂ šu-i,Q000039,719,0,gam[crook]N_ŋiri[dagger]N_šuʾi[barber]N
Q000039.720,649b,gam[crook]N ŋiri[dagger]N ad.KID[weaver]N,{ŋeš}kab ŋiri₂ ad-KID,Q000039,720,0,gam[crook]N_ŋiri[dagger]N_ad.KID[weaver]N
Q000039.721,650,gam[crook]N bulug.KIN.gur₄[lancet]N,{ŋeš}kab KIN-gur₄,Q000039,721,0,gam[crook]N_bulug.KIN.gur₄[lancet]N
Q000039.722,651,gam[crook]N niŋ₂-{u₂}bur₂[NA]NA,{ŋeš}kab niŋ₂-{u₂}bur₂,Q000039,722,0,gam[crook]N_niŋ₂-{u₂}bur₂[NA]NA
Q000039.723,651a,gam[crook]N ŋiri[dagger]N muhaldim[cook]N,{ŋeš}kab ŋiri₂ muhaldim,Q000039,723,0,gam[crook]N_ŋiri[dagger]N_muhaldim[cook]N
Q000039.724,652,ŋišgal[station]N,{ŋeš}ŋišgal,Q000039,724,0,ŋišgal[station]N
Q000039.725,653,halba[bucket]N,{ŋeš}halba₅,Q000039,725,0,halba[bucket]N
Q000039.726,654,tir[forest]N ug[die]V/t,{ŋeš}tir ug₅-ga,Q000039,726,0,tir[forest]N_ug[die]V/t
Q000039.727,655,pa[branch]N gibil[new]V/i ug[die]V/t,{ŋeš}pa gibil ug₅-ga,Q000039,727,0,pa[branch]N_gibil[new]V/i_ug[die]V/t
Q000039.728,655a,pa[branch]N kud[cut]V/t ug[die]V/t,{ŋeš}pa kud ug₅-ga,Q000039,728,0,pa[branch]N_kud[cut]V/t_ug[die]V/t
Q000039.729,656,ninda[seed-funnel]N,{ŋeš}ninda₂,Q000039,729,0,ninda[seed-funnel]N
Q000039.730,657,ninda[vessel]N,{ŋeš}ninda₂,Q000039,730,0,ninda[vessel]N
Q000039.731,658,{ŋeš}EN[NA]NA ninda[vessel]N,{ŋeš}EN ninda₂,Q000039,731,0,{ŋeš}EN[NA]NA_ninda[vessel]N
Q000039.732,unknown,unknown,unknown,Q000039,732,3,
Q000039.733,662,{ŋeš}ŋir₃-re[NA]NA,{ŋeš}ŋir₃-re,Q000039,733,0,{ŋeš}ŋir₃-re[NA]NA
Q000039.734,663,kur[wood]N,{ŋeš}kur,Q000039,734,0,kur[wood]N
Q000039.735,664,ŋeškur[tree]N,ŋeš-kur,Q000039,735,0,ŋeškur[tree]N
Q000039.736,665,kur[wood]N,{ŋeš}kur,Q000039,736,0,kur[wood]N
Q000039.737,666,esi[tree]N,{ŋeš}esi,Q000039,737,0,esi[tree]N
Q000039.738,667,{ŋeš}KAL[NA]NA,{ŋeš}KAL,Q000039,738,0,{ŋeš}KAL[NA]NA
Q000039.739,668,{ŋeš}KAL[NA]NA,{ŋeš}KAL,Q000039,739,0,{ŋeš}KAL[NA]NA
Q000039.740,669,{ŋeš}URI[NA]NA,{ŋeš}URI,Q000039,740,0,{ŋeš}URI[NA]NA
Q000039.741,670,{ŋeš}URI[NA]NA,{ŋeš}URI,Q000039,741,0,{ŋeš}URI[NA]NA
Q000039.742,671,{ŋeš}URI[NA]NA,{ŋeš}URI,Q000039,742,0,{ŋeš}URI[NA]NA
Q000039.743,unknown,unknown,unknown,Q000039,743,1,
Q000039.744,673,gidubak[stylus]N,{ŋeš}gi-dub,Q000039,744,0,gidubak[stylus]N
Q000039.745,674,kiri[nose]N gud[ox]N,{ŋeš}kiri₃ gud,Q000039,745,0,kiri[nose]N_gud[ox]N
Q000039.746,675,{ŋeš}LUM-LUM[NA]NA anše[equid]N,{ŋeš}LUM-LUM anše,Q000039,746,0,{ŋeš}LUM-LUM[NA]NA_anše[equid]N
Q000039.747,676,dih[weed]N,{ŋeš}dih₃,Q000039,747,0,dih[weed]N
Q000039.748,677,dih[weed]N,{ŋeš}dih₃,Q000039,748,0,dih[weed]N
Q000039.749,678,dih[weed]N,{ŋeš}dih₃,Q000039,749,0,dih[weed]N
Q000039.750,679,dih[weed]N kur[mountain]N,{ŋeš}dih₃ kur,Q000039,750,0,dih[weed]N_kur[mountain]N
Q000039.751,680,raba[clamp]N,{ŋeš}raba,Q000039,751,0,raba[clamp]N
Q000039.752,681,ešgiri[staff]N,ŋeš-giri₁₉,Q000039,752,0,ešgiri[staff]N
Q000039.753,682,kunsig[bristle]N,{ŋeš}kun-sigₓ(UMBIN),Q000039,753,0,kunsig[bristle]N
Q000039.754,683,nisiki[comb]N,{ŋeš}niŋ₂-sigₓ(UMBIN),Q000039,754,0,nisiki[comb]N
Q000039.755,684,šaŋanla[trader]N,{ŋeš}šaŋan-la₂,Q000039,755,0,šaŋanla[trader]N
Q000039.756,685,u[sleep]N ku[place]V/t,{ŋeš}u₃ ku,Q000039,756,0,u[sleep]N_ku[place]V/t
Q000039.757,686,{ŋeš}x[NA]NA,{ŋeš}x,Q000039,757,0,{ŋeš}x[NA]NA
Q000039.758,687,{ŋeš}x[NA]NA,{ŋeš}x,Q000039,758,0,{ŋeš}x[NA]NA
Q000039.759,688,ŋušur[beam]N,{ŋeš}ur₂,Q000039,759,0,ŋušur[beam]N
Q000039.760,689,ŋešdubak[board]N,ŋeš-dub,Q000039,760,0,ŋešdubak[board]N
Q000039.761,690,ŋeššu[manacles]N,ŋeš-šu,Q000039,761,0,ŋeššu[manacles]N
Q000039.762,691,ŋešgu[stock]N,ŋeš-gu₂,Q000039,762,0,ŋešgu[stock]N
Q000039.763,692,antibal[sign]N gu[eat]V/t,{ŋeš}an-ti-bal gu₇,Q000039,763,0,antibal[sign]N_gu[eat]V/t
Q000039.764,693,dur[balk]N,{ŋeš}dur,Q000039,764,0,dur[balk]N
Q000039.765,694,dur[balk]N si[horn]N,{ŋeš}dur si,Q000039,765,0,dur[balk]N_si[horn]N
Q000039.766,695,dur[balk]N piš-piš[NA]NA,{ŋeš}dur piš-piš,Q000039,766,0,dur[balk]N_piš-piš[NA]NA
Q000039.767,696,alan[statue]N,{ŋeš}alam,Q000039,767,0,alan[statue]N
Q000039.768,697,az[bear]N,{ŋeš}az,Q000039,768,0,az[bear]N
Q000039.769,698,piriŋ[lion]N,{ŋeš}piriŋ,Q000039,769,0,piriŋ[lion]N
Q000039.770,699,nemur[leopard]N,{ŋeš}nemur,Q000039,770,0,nemur[leopard]N
Q000039.771,700,ur[dog]N,{ŋeš}ur,Q000039,771,0,ur[dog]N
Q000039.772,701,zana[doll]N,{ŋeš}za-na,Q000039,772,0,zana[doll]N
Q000039.773,702,e[house]N zana[doll]N,{ŋeš}e₂ za-na,Q000039,773,0,e[house]N_zana[doll]N
Q000039.774,703,namra[booty]N,{ŋeš}nam-ra,Q000039,774,0,namra[booty]N
Q000039.775,704,šaʾuša[lance]N,{ŋeš}ša-u₁₈-ša,Q000039,775,0,šaʾuša[lance]N
Q000039.776,705,argibil[structure]N,{ŋeš}ar-gibil₂,Q000039,776,0,argibil[structure]N
Q000039.777,706,ŋeš[tree]N šuniŋin[total]N,ŋeš šu-niŋin₂,Q000039,777,0,ŋeš[tree]N_šuniŋin[total]N
Q000039.778,707,Nisaba[1]DN zamin[lyre]N,{d}nisaba za₃-mi₂,Q000039,778,0,Nisaba[1]DN_zamin[lyre]N
